fid,id,Site,dbh_2025,height2025,Species,Comments,lat,lon,Source,Measured_height,Measured_DBH,species_clean
1,,VANI-1,"1.4",2.2,(ACRU),,,,Soverdi,true,true,Acer rubrum
2,,VANI-1,"1.3",2.3,(QUAL),,,,Soverdi,true,true,Quercus alba
3,,VANI-1,"3",3.5,(BEPA),,,,Soverdi,true,true,Betula papyrifera
4,,VANI-1,"1.2",2.1,(ACPE),,,,Soverdi,true,true,Acer pensylvanicum
5,,VANI-1,"2.1",2.7,(CEOC),,,,Soverdi,true,true,Celtis occidentalis
6,,VANI-1,"1.9",2.25,(ACRU),,,,Soverdi,true,true,Acer rubrum
7,,VANI-1,"1.6",2.7,(PODE),,,,Soverdi,true,true,Populus deltoides
8,,VANI-1,"2.7",3,(CAOV),,,,Soverdi,true,true,Carya ovata
9,,VANI-1,"1.7",3.1,(BEPA),,,,Soverdi,true,true,Betula papyrifera
10,,VANI-1,"1.3",2.28,(ACRU),Sick leaves,,,Soverdi,true,true,Acer rubrum
11,,VANI-1,"1.3",2.5,(PRVI),,,,Soverdi,true,true,Prunus virginiana
12,,VANI-1,"1",2.04,(Pine sp),Prickly!,,,Soverdi,true,false,Pine sp
13,,VANI-1,"1.5",2.7,(PRVI),,,,Soverdi,true,true,Prunus virginiana
14,,VANI-1,"1.9",2.4,(CEOC),,,,Soverdi,true,true,Celtis occidentalis
15,,VANI-1,"2.3",3.2,(BEPA),,,,Soverdi,true,true,Betula papyrifera
16,,VANI-1,"1.5",2.04,(Pine sp),,,,Soverdi,true,true,Pine sp
17,,VANI-1,"1",2,Sorbus aucuparia,Unhealthy leaves,,,Soverdi,,,Sorbus aucuparia
18,,VANI-1,"2.9",2.7,(PRSE),,,,Soverdi,true,true,Prunus serotina
19,,VANI-1,"1.8",2.6,(PODE),,,,Soverdi,true,true,Populus deltoides
20,,VANI-1,"1.9",2.9,(PODE),,,,Soverdi,true,true,Populus deltoides
21,,VANI-1,"1",2.74,Sorbus aucuparia,Sad leaves,,,Soverdi,true,true,Sorbus aucuparia
22,,VANI-1,"1.2",2,(QUAL),,,,Soverdi,true,true,Quercus alba
23,,VANI-1,"1.4",2.16,(CEOC),,,,Soverdi,true,true,Celtis occidentalis
24,,VANI-1,"1.5",2.6,(PRVI),,,,Soverdi,true,true,Prunus virginiana
25,,VANI-1,"1.6,1",2.98,(PODE),,,,Soverdi,true,true,Populus deltoides
26,,VANI-1,"2.7",3.1,(PRSE),,,,Soverdi,true,true,Prunus serotina
27,,VANI-1,"1",2.1,Sorbus aucuparia,,,,Soverdi,true,true,Sorbus aucuparia
28,,VANI-1,"1",2.1,Sorbus aucuparia,,,,Soverdi,true,true,Sorbus aucuparia
29,,VANI-1,"1.4",2.64,(PODE),,,,Soverdi,true,true,Populus deltoides
30,,VANI-1,"2.2",3.2,(BEPA),,,,Soverdi,true,true,Betula papyrifera
31,,VANI-1,"1.8",3,(PRVI),,,,Soverdi,true,true,Prunus virginiana
32,,VANI-1,"1.5",2.66,(CEOC),,,,Soverdi,true,true,Celtis occidentalis
33,,VANI-1,"1.7",2.08,(ACRU),,,,Soverdi,true,true,Acer rubrum
34,,VANI-1,"2.2",2.5,(CAOV),,,,Soverdi,true,true,Carya ovata
35,,VANI-1,"1.5,1,0.5,0.5",2.94,(PODE),,,,Soverdi,,,Populus deltoides
36,,VANI-1,"1,0.5",2.16,Sorbus aucuparia,,,,Soverdi,true,true,Sorbus aucuparia
37,,VANI-1,"1.9",3.04,(PRVI),,,,Soverdi,true,true,Prunus virginiana
38,,VANI-1,"1.2",2.4,(ACPE),,,,Soverdi,true,true,Acer pensylvanicum
39,,VANI-1,"2.1",3.4,(BEPA),,,,Soverdi,true,true,Betula papyrifera
40,,VANI-1,"1.5",2.05,(PIBA),,,,Soverdi,true,true,Pinus banksiana
41,,VANI-1,"2.2",3,(Prunes sp),,,,Soverdi,true,true,Prunus sp
42,,VANI-1,"1.8",2.74,(CEOC),,,,Soverdi,true,true,Celtis occidentalis
43,,VANI-1,"1.4",2.06,(CACA),,,,Soverdi,true,true,Carpinus caroliniana
44,,VANI-1,"1",2.26,Sorbus aucuparia,Sad leaves,,,Soverdi,true,true,Sorbus aucuparia
45,,VANI-1,"1.9",2,(QUBI),,,,Soverdi,true,true,Quercus bicolor
46,,VANI-1,"2.5",3.4,(BEPA),Sad leaves,,,Soverdi,true,true,Betula papyrifera
47,,VANI-1,"1.9",3.02,(PRVI),,,,Soverdi,true,true,Prunus virginiana
48,,VANI-1,"1.3",2.06,(QUAL),,,,Soverdi,true,true,Quercus alba
49,,VANI-1,"1.7",3.2,(PRVI),,,,Soverdi,true,true,Prunus virginiana
50,,VANI-1,"1.2",2.2,(ACPE),,,,Soverdi,true,true,Acer pensylvanicum
51,,VANI-1,"2.5,0.7",3.04,(BEPA),,,,Soverdi,true,true,Betula papyrifera
52,,VANI-1,"1.7",2.64,(PRVI),,,,Soverdi,true,true,Prunus virginiana
53,,VANI-1,"4.2",5,(PODE),,,,Soverdi,true,true,Populus deltoides
54,,VANI-1,"1",2.2,Sorbus aucuparia,,,,Soverdi,true,true,Sorbus aucuparia
55,,VANI-1,"2.3",3.1,(CEOC),,,,Soverdi,true,true,Celtis occidentalis
56,,VANI-1,"2.7,0.5,0.7",3.9,(BEPA),,,,Soverdi,true,true,Betula papyrifera
57,,VANI-1,"1.5",2.85,(PRVI),,,,Soverdi,true,true,Prunus virginiana
58,,VANI-1,"3.7,1,1,1",5,(PODE),,,,Soverdi,true,true,Populus deltoides
59,,VANI-1,"1",2,(PIBA),,,,Soverdi,true,true,Pinus banksiana
60,,VANI-1,"3.6",5,(PODE),,,,Soverdi,true,true,Populus deltoides
61,,VANI-1,"1.6, 1, 0.7, 0.7",2.2,(ACRU),,,,Soverdi,,,Acer rubrum
62,,VANI-1,"1",2.38,(QUBI),,,,Soverdi,true,true,Quercus bicolor
63,,VANI-1,"1",2.16,(PIBA),,,,Soverdi,true,true,Pinus banksiana
64,,VANI-1,"0.5,0.7,0.7",2.15,Sorbus aucuparia,,,,Soverdi,true,true,Sorbus aucuparia
65,,VANI-1,"2.5",2.45,(CAOV),,,,Soverdi,true,true,Carya ovata
66,,VANI-1,"1.8",2.4,(CAOV),,,,Soverdi,true,true,Carya ovata
67,,VANI-1,"1.65",3.04,(PRVI),,,,Soverdi,true,true,Prunus virginiana
68,,VANI-1,"3.3,1,1,1",4.3,(PODE),,,,Soverdi,true,true,Populus deltoides
69,,VANI-1,"1.1, 0.7,0.7,0.5",2.04,(ACRU),Sad leaves ,,,Soverdi,true,true,Acer rubrum
70,,VANI-1,"1.3",2.3,(QUBI),,,,Soverdi,true,true,Quercus bicolor
71,,VANI-1,"3.4,0.5,0.5,1.3",4.8,(PODE),,,,Soverdi,true,true,Populus deltoides
72,,VANI-1,"1.3",2.08,(ACPE),,,,Soverdi,true,true,Acer pensylvanicum
73,,VANI-1,"2.4",3.04,(BEPA),Sad leaves,,,Soverdi,true,true,Betula papyrifera
74,,VANI-1,"1",2.2,(ACPE),,,,Soverdi,true,true,Acer pensylvanicum
75,,VANI-1,"1",2.5,Sorbus aucuparia,,,,Soverdi,true,true,Sorbus aucuparia
76,,VANI-1,"3,1.3,1.3,0.8,1,1",5,(PODE),,,,Soverdi,true,true,Populus deltoides
77,,VANI-1,"2.6",3.04,(PRSE),,,,Soverdi,true,true,Prunus serotina
78,,VANI-1,"1.5",2.3,(CEOC),,,,Soverdi,true,true,Celtis occidentalis
79,,VANI-1,"1.8",2.28,(ACRU),,,,Soverdi,true,true,Acer rubrum
80,,VANI-1,"1.6,0.9,0.9",2.55,(CEOC),,,,Soverdi,true,true,Celtis occidentalis
81,,VANI-1,"2.5,1.3,1.3,1,1",3.2,(BEPA),,,,Soverdi,true,true,Betula papyrifera
82,,VANI-1,"0.8,0.4",2.1,Sorbus aucuparia,,,,Soverdi,true,true,Sorbus aucuparia
83,,VANI-1,"2.5",3.05,(BEPA),,,,Soverdi,,,Betula papyrifera
84,,VANI-1,"2.65",2.75,(PRSE),,,,Soverdi,true,true,Prunus serotina
85,,VANI-1,"0.8",2.02,(OSVI),,,,Soverdi,true,true,Ostrya virginiana
86,,VANI-1,"1.4",2.15,(ACRU),,,,Soverdi,true,true,Acer rubrum
87,,VANI-1,"0.8",2.05,(CACA),,,,Soverdi,true,true,Carpinus caroliniana
88,,VANI-1,"2.2",2.7,(CEOC),,,,Soverdi,true,true,Celtis occidentalis
89,,LOYO-2,"78.5",34.2,Acer saccharinum,City tree (?),,,Unknown,true,true,
90,,LOYO-2,"10.5",5.8,(Ulmus pumila ),Not in city inventory,,,Unknown,true,true,
91,,LOYO-2,"10",4.5,Acer negundo,,,,Unknown,false,false,
92,,LOYO-2,,,Acer negundo,Estimated DBH but not height ,,,Unknown,true,false,
94,,LOYO-1,"5",2,(Celtics occidentalis),,,,Soverdi,true,true,Celtics occidentalis
95,,LOYO-1,"8.1, 2.6",5.7,(Populous deltoides),,,,Soverdi,true,true,Populus deltoides
96,,LOYO-1,"3",2,Quercus rubra,,,,Soverdi,true,true,Quercus rubra
99,,LOYO-1,"1.5,1.5",2.2,Gymnocladus dioicus,,,,Soverdi,true,true,Gymnocladus dioicus
100,,LOYO-1,"1.2",2.98,(Betula allegheniensis),,,,Soverdi,true,true,Betula alleghaniensis
101,,LOYO-1,"2.5",2.9,(Sugar maple),,,,Soverdi,true,true,Acer saccharum
102,,LOYO-1,"1.4,1",3.1,Amelanchier canadensis,,,,Soverdi,true,true,Amelanchier canadensis
103,,LOYO-1,"1.2,1.2",2.64,(Cretagus crus-galli ),,,,Soverdi,true,true,Cretagus crus-galli 
104,,LOYO-1,"1.3",2.8,Tilia americana,Looking bad,,,Soverdi,true,true,Tilia americana
105,,LOYO-1,"1.1",2.3,Quercus bicolor,,,,Soverdi,true,true,Quercus bicolor
106,,LOYO-1,"1.2",2.6,Ostrya virginiana,,,,Soverdi,true,true,Ostrya virginiana
107,,LOYO-1,"1.2",2.56,Sorbus americana,,,,Soverdi,true,true,Sorbus americana
108,,LOYO-1,"0.6",2.1,Ulmus americana,,,,Soverdi,true,true,Ulmus americana
109,,LOYO-1,"2.3",2.9,Amelanchier canadensis,,,,Soverdi,true,true,Amelanchier canadensis
110,,LOYO-1,"2.3",2.4,Carpinus caroliniana,,,,Soverdi,true,true,Carpinus caroliniana
111,,LOYO-1,"1.2",2.5,(Striped maple),,,,Soverdi,true,true,Acer pensylvanicum
112,,LOYO-1,"2.3",3.1,(Sugar maple),,,,Soverdi,true,true,Acer saccharum
113,,LOYO-1,"2.1",3.1,Carpinus caroliniana,,,,Soverdi,true,true,Carpinus caroliniana
114,,LOYO-1,"2.3",3.1,Quercus rubra,,,,Soverdi,true,true,Quercus rubra
115,,LOYO-1,"2.1",2.8,(Sugar maple),Looks bad,,,Soverdi,true,true,Acer saccharum
116,,LOYO-1,"1.1",2.4,Crataegus crus-galli,,,,Soverdi,true,true,Crataegus crus-galli
117,,LOYO-1,"1.4",2.5,Sorbus americana,Very bad,,,Soverdi,true,true,Sorbus americana
118,,LOYO-1,"1.3",2.45,Tilia americana,,,,Soverdi,true,true,Tilia americana
119,,LOYO-1,"1.2",2.1,(Carya cordiformis ),,,,Soverdi,true,true,Carya cordiformis 
120,,LOYO-1,"1.0",2.7,(Betulah alleghensis ),,,,Soverdi,true,true,Betulah alleghensis 
121,,LOYO-1,"1.5",2.8,Quercus rubra,,,,Soverdi,true,true,Quercus rubra
122,,LOYO-1,"1.5",3.1,Carpinus caroliniana,,,,Soverdi,true,true,Carpinus caroliniana
123,,LOYO-1,"1.3",2.9,Sorbus americana,,,,Soverdi,true,true,Sorbus americana
124,,LOYO-1,"1.4",2.55,Tilia americana,,,,Soverdi,true,true,Tilia americana
125,,LOYO-1,"0.8",2.1,(Cretagus crus-galli),,,,Soverdi,true,true,Crataegus crus-galli
126,,LOYO-1,"0.8",2.4,Ulmus americana,,,,Soverdi,true,true,Ulmus americana
127,,LOYO-1,"0.8",2.2,Carya cordiformis,,,,Soverdi,true,true,Carya cordiformis
128,,LOYO-1,"1.6",3,Sorbus americana,,,,Soverdi,true,true,Sorbus americana
129,,LOYO-1,"1.6",3,Carpinus caroliniana,,,,Soverdi,true,true,Carpinus caroliniana
130,,LOYO-1,"1.7",3,Carpinus caroliniana,,,,Soverdi,true,true,Carpinus caroliniana
131,,LOYO-1,"1.6",2.3,Quercus rubra,,,,Soverdi,true,true,Quercus rubra
132,,LOYO-1,"1.3",3,Sorbus americana,,,,Soverdi,true,true,Sorbus americana
133,,LOYO-1,"1.4",2.45,(Tilia americana ),,,,Soverdi,true,true,Tilia americana 
134,,LOYO-1,"1.0",2.4,Tilia americana,,,,Soverdi,true,true,Tilia americana
135,,LOYO-1,"0.9,1.2",2.3,(Cretagus crus-galli),,,,Soverdi,true,true,Crataegus crus-galli
136,,LOYO-1,"0.8",2.4,Ulmus americana,,,,Soverdi,true,true,Ulmus americana
137,,LOYO-1,"0.8",2.1,(Striped maple),,,,Soverdi,true,false,Acer pensylvanicum
138,,LOYO-1,"1.7",2.8,Carpinus caroliniana,,,,Soverdi,true,true,Carpinus caroliniana
139,,LOYO-1,"1.1",2.5,Amelanchier canadensis,,,,Soverdi,true,true,Amelanchier canadensis
140,,LOYO-1,"1.2",2.9,Sorbus americana,,,,Soverdi,true,true,Sorbus americana
141,,LOYO-1,"1.5",2.8,Carpinus caroliniana,,,,Soverdi,true,true,Carpinus caroliniana
142,,LOYO-1,"1.5",2.9,Amelanchier canadensis,,,,Soverdi,true,true,Amelanchier canadensis
143,,LOYO-1,"1.8",3.2,Sorbus americana,,,,Soverdi,true,true,Sorbus americana
144,,LOYO-1,"0.9,0.8",2.35,(Populus tremuloides ),,,,Soverdi,true,true,Populus tremuloides 
145,,LOYO-1,"1.1",2.5,Tilia americana,,,,Soverdi,true,true,Tilia americana
146,,LOYO-1,"1.9",3,Sorbus americana,,,,Soverdi,true,true,Sorbus americana
147,,LOYO-1,"2.4",3.1,Liriodendron tulipifera,,,,Soverdi,true,true,Liriodendron tulipifera
148,,LOYO-1,"1",2.4,(Acer pensylvanica),,,,Soverdi,true,true,Acer pensylvanicum
149,,LOYO-1,"1.5",2.8,Carpinus caroliniana,,,,Soverdi,true,true,Carpinus caroliniana
150,,LOYO-1,"1.7",2.1,(Quercus rubra ),,,,Soverdi,true,true,Quercus rubra 
151,,LOYO-1,"2",2.6,(Amelanchier canadensis ),,,,Soverdi,true,true,Amelanchier canadensis 
152,,LOYO-1,"1.7",2.8,Quercus rubra,,,,Soverdi,true,true,Quercus rubra
153,,LOYO-1,"1.1",2.7,(Acer pensylvanica),,,,Soverdi,true,true,Acer pensylvanicum
154,,LOYO-1,"1.5",2.7,Carpinus caroliniana,,,,Soverdi,true,true,Carpinus caroliniana
155,,LOYO-1,"1.9",2.9,Liriodendron tulipifera,,,,Soverdi,true,true,Liriodendron tulipifera
156,,LOYO-1,"1.6",2.4,(Cretagus crus-galli ),,,,Soverdi,true,true,Cretagus crus-galli 
157,,LOYO-1,"1.6",2.7,Sorbus americana,,,,Soverdi,true,false,Sorbus americana
158,,LOYO-1,"1.4",2.3,(Cretagus crus-galli ),,,,Soverdi,true,true,Cretagus crus-galli 
159,,LOYO-1,"1.9",3.1,Quercus bicolor,,,,Soverdi,true,true,Quercus bicolor
160,,LOYO-1,"1.4",2.7,(Amelanchier canadensis ),,,,Soverdi,true,true,Amelanchier canadensis 
161,,LOYO-1,"1.6",2.65,Carpinus caroliniana,,,,Soverdi,true,true,Carpinus caroliniana
162,,LOYO-1,"0.7",2.4,(Ulmus americana ),Dead,,,Soverdi,true,true,Ulmus americana 
163,,LOYO-1,"1.1",2.2,(Tilia americana ),Dead,,,Soverdi,true,true,Tilia americana 
164,,LOYO-1,"1.3",2.3,(Carya cordiformis ),,,,Soverdi,true,true,Carya cordiformis 
165,,LOYO-1,"1.6",2.9,(Sorbus americana ),,,,Soverdi,true,true,Sorbus americana 
166,,LOYO-1,"1.2",2.45,(Cretagus crus-galli ),,,,Soverdi,true,true,Cretagus crus-galli 
167,,LOYO-1,"1.7",2.4,Populus tremuloides,,,,Soverdi,true,true,Populus tremuloides
168,,LOYO-1,"1.6",2.9,(Sorbus americana ),,,,Soverdi,true,true,Sorbus americana 
169,,LOYO-1,"1.9",2.4,Quercus bicolor,,,,Soverdi,true,true,Quercus bicolor
170,,LOYO-1,"1.5",2.7,(Amelanchier canadensis ),,,,Soverdi,true,true,Amelanchier canadensis 
171,,LOYO-1,"1.4",2.3,Gymnocladus dioicus,,,,Soverdi,true,true,Gymnocladus dioicus
172,,LOYO-1,"1.3",2.7,(Betula alleghensis ),,,,Soverdi,true,true,Betula alleghensis 
173,,LOYO-1,"1.7",2.9,Carpinus caroliniana,,,,Soverdi,true,true,Carpinus caroliniana
174,,LOYO-1,"1.6",2.5,(Quercus rubra ),,,,Soverdi,true,true,Quercus rubra 
175,,LOYO-1,"1.7",3,Carpinus caroliniana,,,,Soverdi,true,true,Carpinus caroliniana
176,,LOYO-1,"2.3",3.75,Quercus rubra,,,,Soverdi,true,true,Quercus rubra
177,,LOYO-1,"1.4",2.2,(Populus tremuloides ),,,,Soverdi,true,true,Populus tremuloides 
178,,LOYO-1,"1.5",2.7,(Amelanchier canadensis ),,,,Soverdi,true,true,Amelanchier canadensis 
179,,LOYO-1,"1.6",2.7,(Amelanchier canadensis ),,,,Soverdi,true,true,Amelanchier canadensis 
180,,LOYO-1,"4.1",4.7,Betula papyrifera,,,,Soverdi,true,true,Betula papyrifera
181,,LOYO-1,"2.2",2.8,(Carpinus caroliniana ),,,,Soverdi,true,true,Carpinus caroliniana 
182,,LOYO-1,"1.2",2.3,(Tsuga canadensis ),,,,Soverdi,true,true,Tsuga canadensis 
183,,LOYO-1,"77.5",19.9,(Silver maple),,,,Unknown ,false,true,Acer saccharinum
184,,LOYO-1,"37",11.7,Acer platanoides,,,,Unknown,true,true,Acer platanoides
185,,LOYO-1,"64.9",19.5,Acer saccharinum,,,,Unknown ,true,true,Acer saccharinum
186,,LOYO-1,"65.6",16.5,Acer saccharinum,,,,Unknown,true,true,Acer saccharinum
187,,LOYO-1,"47.6",10.2,Acer platanoides,,,,Unknown,true,true,Acer platanoides
188,,LOYO-1,"60",19.9,Acer saccharinum,,,,Unknown,true,true,Acer saccharinum
189,,LOYO-1,"88.2",10.9,Acer negundo,,,,Unknown,true,true,Acer negundo
190,,LOYO-1,"16.1",11.3,Gleditsia triacanthos,,,,Unknown,true,true,Gleditsia triacanthos
191,,LOYO-1,"16.8",11,Gleditsia triacanthos,,,,Unknown,false,true,Gleditsia triacanthos
192,,LOYO-1,"15.8",11,Gleditsia triacanthos,,,,Unknown,false,true,Gleditsia triacanthos
193,,LOYO-1,"20.7",11,Gleditsia triacanthos,,,,Unknown,false,true,Gleditsia triacanthos
194,,LOYO-1,"3, 5,5,2,3,2,1,1,5",3.5,Thuja occidentalis,,,,Unknown,true,false,Thuja occidentalis
195,,LOYO-1,"24.2",12.2,Gleditsia triacanthos,,,,Unknown,true,true,Gleditsia triacanthos
196,,LOYO-1,"5",2.7,Pinus nigra,,,,Unknown ,true,true,Pinus nigra
197,,LOYO-1,"5",2.7,Pinus nigra,,,,Unknown,false,true,Pinus nigra
198,,LOYO-1,"3",2.5,Amelanchier canadensis,Confirm species ,,,Unknown ,false,true,Amelanchier canadensis
199,,LOYO-1,"100",21.8,Populus deltoides,,,,Unknown,true,false,Populus deltoides
200,,LOYO-1,"50",8.7,Acer platanoides,,,,Unknown,true,false,Acer platanoides
201,,LOYO-1,"60,20,20,20",22.7,Populus deltoides,,,,Unknown,true,false,Populus deltoides
202,,LOYO-1,"75",12,Acer saccharinum,,,,Unknown ,false,false,Acer saccharinum
203,,LOYO-1,"90",20,Acer saccharinum,,,,Unknown,false,false,Acer saccharinum
204,,LOYO-1,"100",20,Acer saccharinum,,,,Unknown,false,false,Acer saccharinum
205,,LOYO-1,"60",20,Acer saccharinum,,,,Unknown,false,false,Acer saccharinum
206,,LOYO-1,"5,5,2,2,1",2.5,Thuja occidentalis,,,,Unknown,true,false,Thuja occidentalis
207,,LOYO-1,"5,5,2,3,3",2.5,Thuja occidentalis,,,,Unknown,false,false,Thuja occidentalis
208,,LOYO-1,"5,5,2,2",2.5,Thuja occidentalis,,,,Unknown,false,false,Thuja occidentalis
209,,LOYO-1,"5,5,2",2.5,Thuja occidentalis,,,,Unknown,false,false,Thuja occidentalis
210,,LOYO-1,"5,3,2,1,1,3,2,1",2.5,Thuja occidentalis,,,,Unknown,false,false,Thuja occidentalis
211,,LOYO-1,"6",3.7,Thuja occidentalis,,,,Unknown,true,false,Thuja occidentalis
212,,LOYO-1,"6,4,2,2",2.7,Thuja occidentalis,,,,Unknown,false,false,Thuja occidentalis
213,,LOYO-1,"7,7,1",2.7,Thuja occidentalis,,,,Unknown,false,false,Thuja occidentalis
214,,LOYO-1,"4,4,5,5,2",2.7,Thuja occidentalis,,,,Unknown,false,false,Thuja occidentalis
215,,LOYO-1,"5,7,6",2.7,Thuja occidentalis,,,,Unknown,false,true,Thuja occidentalis
216,,LOYO-1,"5,5,2",2.7,Thuja occidentalis,,,,Unknown,false,false,Thuja occidentalis
217,,LOYO-1,"5,5,2,2,1,1,3",4.2,Thuja occidentalis,,,,Unknown,true,false,Thuja occidentalis
218,,LOYO-1,"5,5,5,2,2,1",4.2,Thuja occidentalis,,,,Unknown,false,false,Thuja occidentalis
219,,LOYO-1,"15.9",,Thuja occidentalis,Get height,,,Unknown ,false,true,Thuja occidentalis
220,,LOYO-1,"14.8",,Thuja occidentalis,Get height,,,Unknown ,false,true,Thuja occidentalis
221,,LOYO-1,"2.5",,Thuja occidentalis,Get height ,,,Unknown ,false,true,Thuja occidentalis
222,,LOYO-1,"18",,Thuja occidentalis,Get height ,,,Unknown,false,true,Thuja occidentalis
223,,LOYO-1,"13",,Thuja occidentalis,Get height,,,Unknown,false,true,Thuja occidentalis
224,,LOYO-1,"2",,Thuja occidentalis,Get 3,,,Unknown,false,false,Thuja occidentalis
225,,LOYO-1,"6",,Thuja occidentalis,Get height ,,,Unknown ,false,true,Thuja occidentalis
226,,LOYO-1,"14",,Thuja occidentalis,Get height ,,,Unknown,false,true,Thuja occidentalis
227,,LOYO-1,"14.3",,Thuja occidentalis,Get height ,,,Unknown,false,true,Thuja occidentalis
228,,LOYO-1,"2,4",2,Leave comment,Common buckthorn ,,,Unknown,false,true,Other
229,,LOYO-1,"15",6,Thuja occidentalis,,,,Unknown ,false,true,Thuja occidentalis
230,,LOYO-1,"11.4",6,Thuja occidentalis,,,,Unknown ,false,true,Thuja occidentalis
231,,LOYO-1,"14.3",6,Thuja occidentalis,,,,Unknown ,false,true,Thuja occidentalis
232,,LOYO-1,"11,13.3",10,Thuja occidentalis,,,,Unknown,false,true,Thuja occidentalis
233,,LOYO-1,"13.2",10,Thuja occidentalis,,,,Unknown ,false,false,Thuja occidentalis
234,,LOYO-1,"2,3,3,2,4,3,2",5,Leave comment,Common buckthorn ,,,Unknown,false,false,Other
235,,LOYO-1,"13",10,Thuja occidentalis,,,,Unknown ,false,true,Thuja occidentalis
236,,LOYO-1,"15.4",10,Thuja occidentalis,,,,Unknown ,false,true,Thuja occidentalis
237,,LOYO-1,"13",10,Thuja occidentalis,,,,Unknown,false,true,Thuja occidentalis
238,,LOYO-1,"13.3",7,Thuja occidentalis,,,,Unknown,false,true,Thuja occidentalis
239,,LOYO-1,"11.2",8,Thuja occidentalis,,,,Unknown ,false,true,Thuja occidentalis
240,,LOYO-1,"7.8,6",7,Thuja occidentalis,,,,Unknown ,false,true,Thuja occidentalis
241,,LOYO-1,"5.6",4,Thuja occidentalis,,,,Unknown,false,true,Thuja occidentalis
242,,LOYO-1,"8.5,6.9",6,Thuja occidentalis,,,,Unknown ,false,true,Thuja occidentalis
243,,LOYO-1,"5.1,4",4,Thuja occidentalis,,,,Unknown,false,false,Thuja occidentalis
244,,LOYO-1,"16.7",8,Thuja occidentalis,,,,Unknown ,false,true,Thuja occidentalis
245,,LOYO-1,"10.3,4.5,8.8",6.3,Thuja occidentalis,,,,Unknown ,true,true,Thuja occidentalis
246,,LOYO-1,"5.9",4,Thuja occidentalis,,,,Unknown ,false,true,Thuja occidentalis
247,,LOYO-1,"13",5.2,Thuja occidentalis,,,,Unknown ,false,true,Thuja occidentalis
248,,WILF-2,"15.5",6,Leave comment,Aesculus hippocastanum,,,Unknown,true,true,
249,,WILF-2,"8, 5, 6, 5, 4",4,Leave comment,Thuya occidentalis ,,,,false,false,
250,,WILF-2,"8, 8, 5",3.8,Leave comment,Thuya occidentalis,,,Unknown,false,false,
251,,WILF-2,"10,4,4,6,5",4,Leave comment,Thuya occidentalis,,,Unknown,false,false,
252,,WILF-2,"2,4,5,8,4,8",4,Leave comment,Thuya occidentalis ,,,Unknown ,false,false,
253,,WILF-2,"2,2,5,5,7",4,Leave comment,Thuya occidentalis,,,Unknown ,false,false,
254,,WILF-2,"7,7,5,2",4,Leave comment,Thuya occidentalis,,,Unknown,false,false,
255,,WILF-2,"3,1,3,4,3,3,3",2.65,Leave comment,Hydrangea paniculata,,,Unknown ,false,true,
256,,WILF-2,"4,3,2,2,4,2",3,Leave comment,Hydrangea paniculatum,,,Unknown ,false,true,
257,,WILF-2,"3,2,3,3,4,2,3,2,2,2",3,Leave comment,Hydrangea paniculatum,,,Unknown,false,true,
258,,WILF-2,"3,2,3,5,2,2",3.2,,Hydrangea paniculatum ,,,,false,true,
259,,WILF-2,"4,2,4,5,2,3,2",3,Leave comment,Hydrangea paniculatum ,,,Unknown ,false,true,
260,,WILF-2,"3,2,3,4,2,3,2,5,3",3,,Hydrangea paniculatum ,,,,false,true,
261,,WILF-2,"2,1,2,3,2,2",2.5,Leave comment,Hydrangea paniculatum,,,Unknown ,false,true,
262,,WILF-2,"8,3,5,2,1,1",4,Thuja occidentalis,,,,Unknown ,false,false,
263,,WILF-2,"3,10,7,3,2",3.8,Thuja occidentalis,,,,Unknown ,false,false,
264,,WILF-2,"5,5,2,3",3.7,Thuja occidentalis,,,,Unknown ,false,false,
265,,WILF-2,"2,2,3,4,3",2,Leave comment,Hydrangea paniculatum ,,,Unknown ,false,false,
266,,WILF-2,"2,3,3,2",2.5,Leave comment,Hydrangea paniculatum ,,,Unknown ,false,false,
267,,WILF-2,"1,1,2,1,2,2",2.3,,Hydrangea paniculatum ,,,,false,false,
268,,WILF-2,"3,2,2,3,2",2.7,,Hydrangea paniculatum ,,,,false,false,
269,,WILF-2,"2,1,1,1,1,2",2.7,Leave comment,Hydrangea paniculatum ,,,Unknown ,false,false,
270,,WILF-2,"3,3,1,1,2",2.5,Leave comment,Hydrangea paniculatum ,,,,false,false,
271,,WILF-2,"1,1,1,1,1,1",2.3,Leave comment,Hydrangea paniculatum ,,,,false,false,
272,,WILF-2,"2,2,2,1,1,1,2",2.3,,Hydrangea paniculatum ,,,,false,false,
273,,WILF-2,"1,2,2",2,Leave comment,Hydrangea paniculatum ,,,Unknown ,false,false,
274,,WILF-2,"2,1,1,2,2,2,1",2,Leave comment,Hydrangea paniculatum ,,,Unknown ,false,false,
275,,WILF-2,"1,1,1,1,1",2,,Hydrangea paniculatum ,,,,false,false,
276,,WILF-2,"7.6",3.8,Quercus macrocarpa,,,,Unknown,true,true,
277,,WILF-1,"30,4,2,3,4,3,4,2,1,4,1,4,3,3,4,1,3,3,3,2,2,1,1,1,3",9.6,Quercus robur,,,,Unknown ,true,false,
278,,WILF-1,"10",11.5,Thuja occidentalis,,,,Unknown ,false,true,
279,,WILF-1,"7.9",11.5,Thuja occidentalis,,,,Unknown ,true,true,
280,,WILF-1,"12.3",,Thuja occidentalis,,,,Unknown,,true,
281,,WILF-1,"3",11.5,Thuja occidentalis,,,,Unknown ,false,true,
282,,WILF-1,"5.8",11.5,Thuja occidentalis,,,,Unknown ,false,true,
283,,WILF-1,"5",11.5,Thuja occidentalis,,,,Unknown,false,true,
284,,WILF-1,"13.3,2,2",11.5,Thuja occidentalis,,,,Unknown ,false,false,
285,,WILF-1,"8.9",11.5,Thuja occidentalis,,,,Unknown ,false,true,
286,,WILF-1,"7.8",11.5,Thuja occidentalis,,,,Unknown ,false,true,
287,,WILF-1,"14",11.5,Thuja occidentalis,,,,Unknown ,false,true,
288,,WILF-1,"21.8,1,1,1.5,1,0.5,2,0.5,0.5,2,2,1,1,1,3,2,2,1,3,1.5,0.5",9.6,Quercus bicolor,,,,,false,false,
289,,WILF-1,"5",4.1,Acer rubrum,,,,Unknown ,true,true,
290,,WILF-1,"18.8",7.9,Gymnocladus dioicus,,,,Unknown ,true,true,
291,,VANI-2,"38.9",19.9,Acer platanoides,,,,Campus,true,true,
292,,VANI-2,"29.3",21.7,Quercus rubra,,,,Campus,true,true,
293,,VANI-2,"36.2",14.5,Quercus rubra,,,,Campus,true,true,
294,,VANI-2,"38",18.4,Quercus rubra,Check sp diff from others,,,Campus,true,true,
295,,VANI-2,"49.75",12.9,Malus sp.,,,,Campus,true,true,
296,,VANI-2,"25.5",10.6,Acer platanoides,,,,Campus,true,true,
297,,VANI-2,"30.6",9.9,Acer platanoides,,,,Campus,true,true,
298,,VANI-2,"32.9",13.9,Acer platanoides,,,,Campus,true,true,
299,,VANI-2,"74.5",26,Acer saccharinum,,,,Campus,true,true,
300,,VANI-2,"45",14.3,Acer saccharinum,,,,Campus,true,true,
301,,VANI-2,"65",23,Acer saccharinum,,,,Campus,true,true,
302,,VANI-2,"35.7",18,Acer saccharinum,,,,Campus ,true,true,
303,,VANI-2,"53.9",33,Acer saccharinum,,,,Campus ,true,true,
304,,VANI-2,"47.4",24.2,Acer platanoides,,,,Campus ,true,true,
305,,VANI-2,"69.2",19.6,Acer saccharinum,,,,Campus ,true,true,
306,,VANI-2,"22.55",11,Acer platanoides,,,,Campus ,true,true,
307,,VANI-2,"124.5",31.2,Acer saccharinum,,,,Campus ,true,true,
308,,VANI-2,"69.5",20.7,Acer saccharinum,,,,Campus ,true,true,
309,,VANI-2,"86.9",15.3,Acer platanoides,,,,Campus ,true,true,
310,,VANI-2,"30",8,Malus baccata,,,,Campus ,false,false,
311,,VANI-2,"3,5,4,3,4,2",4,Leave comment,"Taxus cuspidata, hedge, x11",,,Campus ,false,false,
312,,VANI-1,"30",9,Leave comment,Malus huphensis,,,Campus,false,false,Other
313,,VANI-1,"68.6",13.1,Acer platanoides,,,,Campus,false,true,Acer platanoides
314,,VANI-1,"10,10,5,5",8,Syringa vulgaris,Could ask Emma to double check sp,,,Unknown ,false,false,Syringa vulgaris
315,,VANI-1,"60",13.1,Gleditsia triacanthos,,,,Unknown ,false,false,Gleditsia triacanthos
316,,WILF-1,"10",5,Thuja occidentalis,,,,Unknown,false,false,
317,,WILF-1,"8",5,Thuja occidentalis,,,,Unknown,false,false,
318,,WILF-1,"8,6",5,Thuja occidentalis,,,,Unknown,false,false,
319,,WILF-1,"10",5,Thuja occidentalis,,,,Unknown,false,false,
320,,WILF-1,"5",3.3,Thuja occidentalis,,,,Unknown,false,true,
321,,WILF-1,"6",4,Thuja occidentalis,,,,Unknown,false,false,
322,,WILF-1,"10",5,Thuja occidentalis,,,,Unknown,false,false,
323,,WILF-1,"8",4.5,Thuja occidentalis,,,,Unknown,false,false,
324,,WILF-1,"8",10,Thuja occidentalis,,,,Unknown,false,false,
325,,WILF-1,"8",10,Thuja occidentalis,,,,Unknown,false,false,
326,,MARQ-1,"10",7.2,Ulmus sp.,,,,Unknown ,true,false,
327,,MARQ-2,"3.5",3,Quercus bicolor,,,,Unknown ,true,true,
328,,ZOTI-2,"5, 3, 2, 2, 3, 2 5, 4, 3, 3",3.5,Leave comment,Lonicera spp.,,,Unknown,false,false,
329,,ZOTI-2,"20, 20, 7",11.9,Leave comment,Dead standing,,,Unknown ,false,false,
330,,ZOTI-2,"20, 10",10,Populus tremuloides,,,,Unknown ,false,false,
331,,ZOTI-2,"15",8,Ulmus americana,,,,Unknown ,false,false,
332,,ZOTI-2,"10",8,Ulmus americana,,,,Unknown ,false,false,
333,,ZOTI-2,"17",14,Populus tremuloides,,,,Unknown ,false,false,
334,,ZOTI-2,"10",10,Populus tremuloides,,,,Unknown ,false,false,
335,,ZOTI-2,"3",3.7,Crataegus crus-galli,,,,Unknown ,true,true,
336,,ZOTI-2,"3.5",3.7,Tilia americana,,,,Unknown ,true,true,
337,,ZOTI-2,"3.5",3.7,Leave comment,Salixspp.,,,Unknown ,true,true,
338,,ZOTI-2,"40, 30, 20",12,Acer saccharinum,,,,Unknown ,false,false,
339,,ZOTI-2,"3, 1",3,Fraxinus pennsylvanica,,,,Unknown ,false,false,
340,,ZOTI-2,"7, 7",3.5,Populus tremuloides,,,,Unknown ,false,false,
341,,ZOTI-2,"2",2.75,Populus tremuloides,,,,Unknown ,false,false,
342,,ZOTI-2,"2",2.75,Populus tremuloides,,,,Unknown ,false,false,
343,,ZOTI-2,"2",2,Populus tremuloides,,,,Unknown ,false,false,
344,,ZOTI-2,"4",2.2,Crataegus crus-galli,,,,Unknown ,false,true,
345,,ZOTI-2,"7",7,Populus tremuloides,,,,Unknown ,false,false,
346,,ZOTI-2,"3",3.5,Salix sp.,,,,Unknown ,false,false,
347,,ZOTI-2,"4",3,Tilia americana,,,,Unknown ,false,false,
348,,ZOTI-2,"5",3.5,Leave comment,Unknown species ,,,Unknown ,false,true,
349,,ZOTI-2,"100",4,Leave comment,Dead standing (sculpture),,,Unknown ,true,false,
350,,ZOTI-2,"18.2",10.2,Acer saccharinum,,,,Unknown ,true,true,
351,,ZOTI-2,"5",3.6,Salix sp.,,,,Unknown ,true,true,
352,,ZOTI-2,"5",7,Fraxinus sp.,,,,Unknown ,false,false,
353,,ZOTI-2,"8",7,Prunus serotina,,,,Unknown ,false,false,
354,,ZOTI-2,"6",3.75,Leave comment,Rhamnus cathartica,,,Unknown ,false,false,
355,,ZOTI-2,"40",15,Leave comment,,,,Unknown ,false,false,
356,,ZOTI-2,"13",10,Ulmus americana,,,,Unknown ,false,false,
357,,ZOTI-2,"7",10,Leave comment,Dead standing ,,,Unknown ,false,true,
358,,ZOTI-2,"40",15,Leave comment,Dead standing,,,Unknown ,false,false,
359,,,,,,,,,,,,
360,,ZOTI-2,"1.5",3,Leave comment,Rhamnus cathartica,,,Unknown ,false,false,
361,,ZOTI-2,"5, 5, 3",5,Leave comment,Rhamnus cathartica,,,Unknown ,false,false,
362,,ZOTI-2,"1.5, 1",2.5,Leave comment,Rhamnus cathartica,,,Unknown ,false,false,
363,,ZOTI-2,"1",2,Prunus virginiana,,,,Unknown ,false,true,
364,,ZOTI-2,"3",2.2,Leave comment,Dead standing,,,Unknown ,false,false,
365,,ZOTI-2,"3",3.2,Prunus virginiana,,,,Unknown ,false,false,
415,,UDEM-2,"46.5",25.3,Acer saccharinum,,,,Unknown ,true,true,
416,,UDEM-2,,,,,,,,,,
417,,UDEM-2,"53.3",28.2,Sorbus aucuparia,Check,,,Unknown ,true,true,
418,,UDEM-2,"92",32.9,Populus sp.,,,,Unknown ,true,true,
419,,UDEM-2,"74.9",32.9,Populus sp.,,,,Unknown ,false,true,
420,,UDEM-2,"48.9",18.7,Acer saccharinum,,,,Unknown ,true,true,
421,,UDEM-2,"41.8",16.4,Acer saccharinum,,,,Unknown ,true,true,
422,,UDEM-2,"44",13.8,Acer platanoides,,,,Unknown ,true,true,
423,,UDEM-2,"15.5,6.7,6.5",5.7,Acer rubrum,,,,Unknown ,true,true,
424,,UDEM-2,"33.25",10.6,Acer saccharum,,,,Unknown ,true,true,
425,,UDEM-2,"20.8,14.7,16.4",8.6,Tilia americana,Check tree species,,,Unknown ,true,true,
426,,UDEM-2,"36.9",11.3,Acer saccharinum,,,,Unknown ,true,true,
427,,UDEM-2,"40",22,Acer rubrum,,,,Unknown ,true,true,
428,,UDEM-2,"95.1",25,Populus sp.,,,,Unknown ,false,true,
429,,UDEM-2,"67.2",20,Populus deltoides,,,,Unknown ,false,true,
430,,UDEM-2,"25.7",12.4,Acer saccharum,,,,Unknown ,true,true,
431,,UDEM-2,"14.3",8.4,Acer saccharum,,,,Unknown ,true,true,
432,,UDEM-2,"29.3",9.8,Tilia sp.,Check ,,,Unknown ,true,true,
433,,UDEM-2,"35",17,Acer rubrum,,,,Unknown ,false,false,
434,,UDEM-2,"3",2,Rhus typhina,,,,Unknown ,false,true,
435,,UDEM-2,"3",2,Rhus typhina,,,,Unknown ,false,true,
436,,UDEM-2,"5,8,3",4,Acer rubrum,Check species,,,Unknown ,false,true,
437,,UDEM-2,,,,,,,,,,
438,,UDEM-2,"8.1,9.3,5.5,6.6,8.5,5",6,Acer rubrum,Check sp ,,,Unknown ,false,true,
439,,UDEM-2,"5.5",6,Rhus typhina,,,,Unknown ,false,true,
440,,UDEM-2,"5,9.5",4.5,Rhus typhina,,,,Unknown ,false,true,
441,,UDEM-2,"5.7,2",5,Acer saccharum,,,,Unknown ,false,true,
442,,UDEM-2,"6.2,3",6,Fraxinus americana,,,,Unknown ,false,true,
443,,UDEM-2,"3,",2.5,Rhus typhina,,,,Unknown ,false,true,
444,,UDEM-2,"3",2.5,Rhus typhina,,,,Unknown ,true,true,
445,,UDEM-2,"3",2.5,Rhus typhina,,,,Unknown ,false,true,
446,,UDEM-2,"5,5,5,5,5,5,3,3",7,Acer negundo,,,,Unknown ,false,false,
447,,UDEM-2,"12,10.9,11,5,4",6.5,Acer platanoides,,,,Unknown ,false,true,
448,,UDEM-2,"5.1,4.9,4.4,2,2,3",5,Rhus typhina,,,,Unknown ,false,true,
449,,UDEM-2,,,,,,,,,,
450,,UDEM-2,"5",4.5,Rhus typhina,,,,Unknown ,false,true,
451,,UDEM-2,"3,3",3.5,Rhus typhina,,,,Unknown ,false,true,
452,,UDEM-2,"3,3",2.5,Rhus typhina,,,,Unknown ,false,true,
453,,UDEM-2,"4",3,Rhus typhina,,,,Unknown ,false,true,
454,,UDEM-2,"5.5",4,Rhus typhina,,,,Unknown ,false,true,
455,,UDEM-2,"7.4,6.2,4.2,6,8",7,Acer tataricum,,,,Unknown ,false,false,
456,,UDEM-2,"3,2,4,4",4.5,Acer negundo,,,,Unknown ,false,false,
457,,UDEM-2,"4,5",4,Acer platanoides,,,,Unknown ,false,true,
458,,ZOTI-2,"4",5,Acer platanoides,,,,Unknown ,false,false,
459,,ZOTI-2,"5",7,Ulmus americana,,,,,false,false,
460,,ZOTI-2,"6",7,Ulmus americana,,,,,false,true,
461,,ZOTI-2,"15",13,Ulmus americana,,,,,false,false,
462,,ZOTI-2,"25",15,Fraxinus sp.,,,,,false,false,
463,,ZOTI-2,"13",8,Leave comment,Dead,,,,false,false,
464,,ZOTI-2,"7.3",8,Leave comment,Rhamnus cathartica,,,,false,true,
465,,ZOTI-2,"2.5",3,Acer platanoides,,,,,false,true,
466,,ZOTI-2,"7.4, 5.3",7,Leave comment,Rhamnus catgartica ,,,,false,true,
467,,ZOTI-2,"35",10,Malus X,,,,,false,false,
468,,ZOTI-2,"18.4",15,Ulmus americana,,,,,false,true,
469,,ZOTI-2,"3",2.3,Ulmus americana,,,,,false,,
470,,ZOTI-2,"4",4,Leave comment,Dead,,,,false,true,
471,,ZOTI-2,"9.8",10,Leave comment,Rhamnus cathartica,,,,false,true,
472,,ZOTI-2,"3.8",5,Leave comment,Rhamnus cathartica,,,,false,true,
473,,ZOTI-2,"20.8",8,Fraxinus sp.,,,,,false,true,
474,,ZOTI-2,"15",10,Fraxinus sp.,,,,,false,false,
475,,ZOTI-2,"6.8",10,Leave comment,,,,,false,false,
476,,ZOTI-2,"4",5,Leave comment,Rhamnus cathartica,,,,false,true,
477,,ZOTI-2,"20.8",12,Acer negundo,,,,,false,true,
478,,ZOTI-2,"5.5",9,Fraxinus sp.,,,,,false,true,
479,,ZOTI-2,"18",15,Ulmus americana,,,,,false,true,
480,,ZOTI-2,"17.5",15,Ulmus americana,,,,,false,true,
481,,ZOTI-2,"3",6,Fraxinus pennsylvanica,,,,,false,true,
482,,ZOTI-2,"6.4",4,Leave comment,Rhamnus cathartica,,,,false,true,
483,,ZOTI-2,"11, 4.1",6,Acer negundo,,,,,false,true,
484,,ZOTI-2,"7.3",5,Acer negundo,,,,,false,true,
485,,ZOTI-2,"3",3,Leave comment,Dead,,,,false,true,
486,,ZOTI-2,"13.1, 12.3",8.5,Acer negundo,,,,,false,true,
487,,ZOTI-2,"22",7,Acer negundo,,,,,false,true,
488,,ZOTI-2,"10.1",2.5,Acer negundo,,,,,false,true,
489,,ZOTI-2,"15.2",12,Acer negundo,,,,,false,true,
490,,ZOTI-2,"4.8",7,Acer negundo,,,,,false,true,
491,,ZOTI-2,"13.2",9,Acer negundo,,,,,false,true,
492,,ZOTI-2,"9",9,Leave comment,Dead,,,,false,true,
493,,ZOTI-2,"4.8",8,Tilia americana,,,,,false,true,
494,,ZOTI-2,"2",2,Leave comment,Rhamnus cathartica,,,,false,true,
495,,ZOTI-2,"3.3",7,Fraxinus pennsylvanica,,,,,true,false,
496,,ZOTI-2,"7.1",9,Leave comment,Dead,,,,false,true,
497,,ZOTI-2,"3.1",6,Fraxinus pennsylvanica,,,,,false,true,
498,,ZOTI-2,"2",5,Fraxinus pennsylvanica,,,,,false,true,
499,,ZOTI-2,"2, 4",6,Ulmus americana,,,,,false,false,
500,,ZOTI-2,"13",15,Acer negundo,,,,,false,false,
501,,ZOTI-2,"3",3,Leave comment,Rhamnus cathartica,,,,false,true,
502,,ZOTI-2,"17.5, 20.8",15,Acer negundo,,,,,false,true,
503,,ZOTI-2,"15.3",13,Acer negundo,,,,,false,true,
504,,ZOTI-2,"2",3,Prunus virginiana,,,,,false,true,
505,,ZOTI-2,"7.6",13,Fraxinus pennsylvanica,,,,,false,true,
506,,ZOTI-2,"15.6",15,Acer negundo,,,,,false,true,
507,,ZOTI-2,"5.9",10,Fraxinus pennsylvanica,,,,,false,true,
508,,ZOTI-2,"3",4,Fraxinus pennsylvanica,,,,,false,true,
509,,ZOTI-2,"3, 2, 2",4.5,Leave comment,Rhamnus cathartica,,,,false,true,
510,,ZOTI-2,"2",2.5,Fraxinus pennsylvanica,,,,,false,true,
511,,ZOTI-2,"10.6",12,Fraxinus pennsylvanica,,,,,false,true,
512,,ZOTI-2,"4.4",9,Leave comment,Dead,,,,false,true,
513,,ZOTI-2,"10.3",15,Acer negundo,,,,,false,true,
514,,ZOTI-2,"14.6, 8.1, 6",13,Acer negundo,,,,,false,true,
515,,ZOTI-2,"7.9",10,Fraxinus pennsylvanica,,,,,false,true,
516,,ZOTI-2,"7",10,Leave comment,Rhamnus cathartica,,,,false,false,
517,,ZOTI-2,"15.2",12,Acer negundo,,,,,false,true,
518,,ZOTI-2,"7.1",8,Leave comment,Rhamnus cathartica,,,,false,true,
519,,ZOTI-2,"3",5,Ulmus americana,,,,,false,true,
520,,ZOTI-2,"6.1",7,Ulmus americana,,,,,false,true,
521,,ZOTI-2,"11.9, 20.3, 9.2",15,Acer negundo,,,,,false,true,
522,,ZOTI-2,"15.6",15,Leave comment,Dead,,,,false,true,
523,,ZOTI-2,"4, 7",12,Leave comment,Dead,,,,false,false,
524,,ZOTI-2,"21.5, 16.3, 15.4, 5",15,Acer negundo,,,,,false,true,
525,,ZOTI-2,"6.2",6,Acer negundo,,,,,false,true,
526,,ZOTI-2,"9.5",7,Leave comment,Dead,,,,false,true,
527,,ZOTI-2,"9, 16.8",15,Fraxinus pennsylvanica,,,,,false,true,
528,,ZOTI-2,"7.3",7,Leave comment,Dead,,,,false,true,
529,,ZOTI-2,"4, 4",4.5,Leave comment,Rhamnus cathartica,,,,false,true,
530,,ZOTI-2,"4",5,Leave comment,Rhamnus cathartica,,,,false,true,
531,,ZOTI-2,"4",5,Fraxinus pennsylvanica,,,,,false,true,
532,,ZOTI-2,"6, 3",3,Leave comment,Rhamnus cathartica,,,,false,true,
533,,ZOTI-2,"18.9",12,Acer negundo,,,,,false,true,
534,,ZOTI-2,"9.5, 5.5",7,Leave comment,Dead,,,,false,true,
535,,ZOTI-2,"20.3",15,Leave comment,Daed,,,,false,true,
536,,ZOTI-2,"12",12,Leave comment,Dead,,,,false,true,
537,,ZOTI-2,"3.3",6,Fraxinus pennsylvanica,,,,,false,true,
538,,ZOTI-2,"9",12,Fraxinus pennsylvanica,,,,,false,true,
539,,ZOTI-2,"3.4, 1, 0.5",6,Fraxinus pennsylvanica,,,,,false,true,
540,,ZOTI-2,"3, 3, 5",7,Leave comment,Rhamnus cathartica,,,,false,true,
541,,ZOTI-2,"4",5,Leave comment,Rhamnus cathartica,,,,false,true,
542,,ZOTI-2,"5",7,Leave comment,Rhamnus cathartica,,,,false,true,
543,,ZOTI-2,"5",7,Leave comment,Rhamnus cathartica,,,,false,false,
544,,ZOTI-2,"13",9,Leave comment,Dead,,,,false,false,
545,,ZOTI-2,"3",4.5,Leave comment,Rhamnus cathartica,,,,false,true,
546,,ZOTI-2,"24",15,Leave comment,Dead,,,,false,true,
547,,ZOTI-2,"3",6,Fraxinus pennsylvanica,,,,,false,true,
548,,ZOTI-2,"2",2.5,Leave comment,Rhamnus cathartica,,,,false,true,
549,,ZOTI-2,"3",4,Leave comment,Rhamnus cathartica,,,,false,true,
550,,ZOTI-2,"3, 1",3,Leave comment,Rahamnus cathartica,,,,false,true,
551,,ZOTI-2,"6.5",7,Leave comment,Rhamnus cathartica,,,,false,true,
552,,ZOTI-2,"2",3,Leave comment,Dead,,,,false,true,
553,,ZOTI-2,"3",4,Fraxinus pennsylvanica,,,,,false,true,
554,,ZOTI-2,"9",15,Fraxinus pennsylvanica,,,,,false,true,
555,,ZOTI-2,"5.7, 5.5",4,Leave comment,Daed,,,,false,true,
556,,ZOTI-2,"6",10,Fraxinus pennsylvanica,,,,,false,true,
557,,ZOTI-2,"4.1",8,Fraxinus pennsylvanica,,,,,false,true,
558,,ZOTI-2,"4.6",5,Leave comment,Rhamnus cathartica,,,,false,true,
559,,ZOTI-2,"3",6,Fraxinus pennsylvanica,,,,,false,true,
560,,ZOTI-2,"8",9,Leave comment,Dead,,,,false,true,
561,,ZOTI-2,"6.3",9,Fraxinus pennsylvanica,,,,,false,true,
562,,ZOTI-2,"2",3,Fraxinus pennsylvanica,,,,,false,true,
563,,ZOTI-2,"1",3,Leave comment,Dead,,,,false,true,
564,,ZOTI-2,"3",3,Leave comment,Dead,,,,false,true,
565,,ZOTI-2,"4",4.5,Fraxinus pennsylvanica,,,,,false,true,
566,,ZOTI-2,"6.6",12,Leave comment,Dead,,,,false,true,
567,,ZOTI-2,"7",10,Acer negundo,,,,,false,true,
568,,ZOTI-2,"3",3.5,Leave comment,Dead,,,,false,true,
569,,ZOTI-2,"3.3",6,Fraxinus pennsylvanica,,,,,false,true,
570,,ZOTI-2,"15.1",6,Acer negundo,,,,,false,true,
571,,ZOTI-2,"6.1, 2",6,Acer negundo,,,,,false,true,
572,,ZOTI-2,"7.5",8,Acer negundo,,,,,false,true,
573,,ZOTI-2,"6.6",7,Leave comment,Dead,,,,false,true,
574,,ZOTI-2,"17",10,Acer negundo,,,,,false,true,
575,,ZOTI-2,"12.7",15,Acer negundo,,,,,false,true,
576,,ZOTI-2,"15",2.5,Leave comment,Daed,,,,false,false,
577,,ZOTI-2,"5,2,2,3",2.3,Leave comment,DEd,,,,false,true,
578,,ZOTI-2,"6",7,Fraxinus pennsylvanica,,,,,false,true,
579,,ZOTI-2,"3",2.5,Acer platanoides,,,,,false,true,
580,,ZOTI-2,"6.9",8,Leave comment,Dead,,,,false,,
581,,ZOTI-2,"9.5",6,Leave comment,Rhamnus catharica,,,,false,true,
582,,ZOTI-2,"5, 2, 3",7,Fraxinus pennsylvanica,,,,,false,false,
583,,ZOTI-2,"9.1",12,Acer negundo,,,,,false,true,
584,,ZOTI-2,"4, 5",6,Leave comment,Rhamnus cathartica,,,,false,true,
585,,ZOTI-2,"3",6,Leave comment,Rhamnus cathartica,,,,false,true,
586,,ZOTI-2,"3",5,Leave comment,Dead,,,,false,true,
587,,ZOTI-2,"17.2",15,Acer negundo,,,,,false,true,
588,,ZOTI-2,"12.1",15,Leave comment,Dead,,,,false,true,
589,,ZOTI-2,"4, 5",6,Leave comment,Rhamnus cqthartica,,,,false,true,
590,,ZOTI-2,"5, 4, 4",8,Leave comment,Rhamnus cathartica,,,,false,true,
591,,ZOTI-2,"5.7",8,Leave comment,Rhamnus cathartica,,,,false,true,
592,,ZOTI-2,"9.1, 2, 5",9,Leave comment,Dead,,,,false,true,
593,,ZOTI-2,"2",3,Tilia americana,,,,,false,false,
594,,ZOTI-2,"27.6",17,Ulmus americana,,,,,false,true,
595,,ZOTI-2,"13.8",17,Acer negundo,,,,,false,true,
596,,ZOTI-2,"3",3,Ulmus americana,,,,,false,true,
597,,ZOTI-2,"5.8, 6.7",10,Leave comment,Dead,,,,false,true,
598,,ZOTI-2,"8.9, 4.7",10,Acer negundo,,,,,false,true,
599,,ZOTI-2,"5.3",5,Leave comment,Rhamnus cathartica,,,,false,true,
600,,ZOTI-2,"7.4",7,Acer negundo,,,,,false,true,
601,,ZOTI-2,"5.9",7,Leave comment,Dead,,,,false,true,
602,,ZOTI-2,"18.2",15,Acer negundo,,,,,false,true,
603,,ZOTI-2,"4",3,Leave comment,Rhamnus cathartica,,,,false,true,
604,,ZOTI-2,"14.2",16,Acer negundo,,,,,false,true,
605,,ZOTI-2,"1,1",2,Leave comment,Rhamnus cathartica,,,,false,true,
606,,ZOTI-2,"4.3",7,Acer negundo,,,,,false,true,
607,,ZOTI-2,"31, 16, 25",17,Acer negundo,,,,,false,true,
608,,ZOTI-2,"27.2",17,Acer negundo,,,,,false,true,
609,,ZOTI-2,"3",7,Leave comment,Rhamnus cathartica,,,,true,false,
610,,ZOTI-2,"5.2",6,Leave comment,Dead,,,,false,true,
611,,ZOTI-2,"24.5, 21.5, 40",15.5,Acer negundo,,,,,false,true,
612,,ZOTI-2,"7.25",8,Leave comment,Dead,,,,false,true,
613,,ZOTI-2,"8.2",10,Fraxinus pennsylvanica,,,,,false,true,
614,,ZOTI-2,"7.1, 3, 11",8,Acer negundo,,,,,false,true,
615,,ZOTI-2,"14",10,Acer negundo,,,,,false,false,
616,,ZOTI-2,"6",8,Leave comment,Rhamnhscathartica,,,,false,true,
617,,ZOTI-2,"2, 2",4,Leave comment,Rhamnus cathartica,,,,,,
618,,ZOTI-2,"2, 3",6,Fraxinus pennsylvanica,,,,,false,true,
619,,ZOTI-2,"10, 7",10,Acer negundo,,,,,false,false,
620,,ZOTI-2,"15",12,Acer negundo,,,,,false,false,
621,,ZOTI-2,"10",8,Acer negundo,,,,,false,false,
622,,ZOTI-2,"10",4,Acer negundo,,,,,false,false,
623,,ZOTI-2,"2",4,Acer negundo,,,,,false,false,
624,,ZOTI-2,"3",5,Leave comment,Rhamn7s cathartica,,,,false,true,
625,,ZOTI-2,"8",12,Acer negundo,,,,,false,false,
626,,ZOTI-2,"10, 15, 20",17,Acer negundo,,,,,false,false,
627,,ZOTI-2,"5",10,Ulmus americana,,,,,false,false,
628,,ZOTI-2,"1,2",4,Acer negundo,,,,,false,false,
629,,ZOTI-2,"2, 0.5",3,Acer negundo,,,,,false,true,
630,,ZOTI-2,"6.5",7,Leave comment,Dead,,,,false,true,
631,,ZOTI-2,"1, 2",4.5,Fraxinus pennsylvanica,,,,,false,true,
632,,ZOTI-2,"1",2.5,Leave comment,Rhamnus cathartica,,,,false,false,
633,,ZOTI-2,"1, 1.5",3,Acer negundo,,,,,false,false,
634,,ZOTI-2,"1",2.5,Acer negundo,,,,,false,false,
635,,ZOTI-2,"5",7,Leave comment,Dead,,,,false,true,
636,,ZOTI-2,Q,3.5,Leave comment,Rhamnus cathartica,,,,false,false,
637,,ZOTI-2,"2",2.2,Leave comment,Dead,,,,false,true,
638,,ZOTI-2,"1, 1",2,Leave comment,Rhamnus cathartica,,,,false,false,
639,,ZOTI-2,"1.5, 1",4.5,Prunus virginiana,,,,,false,true,
640,,ZOTI-2,"3",3.5,Prunus virginiana,,,,,false,true,
641,,ZOTI-2,"10.1",9,Acer negundo,,,,,false,true,
642,,ZOTI-2,"3",3,Fraxinus pennsylvanica,,,,,false,true,
643,,ZOTI-2,"7",6,Leave comment,Dead,,,,false,false,
644,,ZOTI-2,"4",8,Leave comment,Rhamnu cathartica,,,,false,true,
645,,ZOTI-2,"7, 8, 4, 2",7,Leave comment,Rhamnus cathartica,,,,false,true,
646,,ZOTI-2,"19.8",17,Acer negundo,,,,,false,true,
647,,ZOTI-2,"3",4,Amelanchier canadensis,,,,,false,true,
648,,ZOTI-2,"2,1",3,Amelanchier canadensis,,,,,false,true,
649,,ZOTI-2,"2",5,Amelanchier canadensis,,,,,false,true,
650,,ZOTI-2,"4",9,Leave comment,Rhamnus cathartica,,,,false,true,
651,,ZOTI-2,"4",8,Leave comment,Rhamnus cathartica,,,,false,true,
652,,ZOTI-2,"4",6,Leave comment,Rhamnus cathartica,,,,false,false,
653,,ZOTI-2,"4",5,Leave comment,Rhamnus cathartica,,,,false,false,
654,,ZOTI-2,"5",7,Leave comment,Rhamnus cathartica,,,,false,false,
655,,ZOTI-2,"2",4,Leave comment,Dead,,,,false,false,
656,,LOYO-1,"80",17,Acer saccharum,,,,Unknown ,false,false,Acer saccharum
657,,LOYO-1,"4",6,Thuja occidentalis,,,,Unknown ,false,false,Thuja occidentalis
658,,LOYO-1,"2",6,Thuja occidentalis,,,,Unknown ,false,false,Thuja occidentalis
659,,LOYO-1,"3",6,Thuja occidentalis,,,,Unknown ,false,false,Thuja occidentalis
660,,LOYO-1,"3",6,Thuja occidentalis,,,,Unknown ,false,false,Thuja occidentalis
661,,LOYO-1,"1",3,Thuja occidentalis,,,,Unknown ,false,false,Thuja occidentalis
662,,LOYO-1,"3",4,Thuja occidentalis,,,,Unknown ,false,false,Thuja occidentalis
663,,LOYO-1,"80",17,Acer saccharum,,,,Unknown ,false,false,Acer saccharum
664,,LOYO-1,"1",2,Thuja occidentalis,,,,Unknown ,false,false,Thuja occidentalis
665,,LOYO-1,"1",2.5,Thuja occidentalis,,,,Unknown ,false,false,Thuja occidentalis
666,,LOYO-1,"1",2,Thuja occidentalis,,,,Unknown ,false,false,Thuja occidentalis
667,,LOYO-1,"3",6,Thuja occidentalis,,,,Unknown ,false,false,Thuja occidentalis
668,,LOYO-1,"1.5",2,Thuja occidentalis,,,,Unknown ,false,false,Thuja occidentalis
669,,LOYO-1,"3",2.5,Thuja occidentalis,,,,Unknown ,false,false,Thuja occidentalis
670,,LOYO-1,"2",2,Thuja occidentalis,,,,Unknown ,false,false,Thuja occidentalis
671,,LOYO-1,"4",5,Tilia americana,,,,Unknown ,false,true,Tilia americana
672,,LOYO-1,"5",4,Thuja occidentalis,x69,,,Unknown ,false,false,Thuja occidentalis
673,,LOYO-1,"5",7,Leave comment,,,,Unkown ,false,false,Other
674,,LOYO-1,"100",20,Populus deltoides,,,,Unknown ,false,false,Populus deltoides
675,,LOYO-1,"100",20,Populus deltoides,,,,Unknown ,false,false,Populus deltoides
676,,LOYO-1,"40",15,Acer platanoides,,,,Unknown ,false,false,Acer platanoides
677,,LOYO-1,"20",15,Acer platanoides,,,,Unknown ,false,false,Acer platanoides
678,,LOYO-1,"5.5",4,Prunus virginiana,,,,Unknown ,false,true,Prunus virginiana
679,,LOYO-1,"4",4,Acer negundo,,,,Unknown ,false,true,Acer negundo
680,,LOYO-1,"3",3.5,Acer platanoides,,,,Unknown ,false,false,Acer platanoides
681,,LOYO-1,"2,2",5,Thuja occidentalis,,,,Unknown ,false,false,Thuja occidentalis
682,,LOYO-1,"2,1",4.5,Thuja occidentalis,,,,Unknown ,false,false,Thuja occidentalis
683,,LOYO-1,"1,1,1,1,1,1,1,1,1,2",2,Leave comment,Rhamnus cathartica,,,Unknown ,false,false,Other
684,,LOYO-1,"15,5,7,1,2,3",6.5,Acer negundo,,,,Unknown ,false,false,Acer negundo
685,,DOUG-1,"9.5",44,Catalpa speciosa,,,,Unknown ,true,true,
686,,DOUG-1,"6,5,5,5",7,Acer saccharum,,,,Unknown ,false,false,
687,,DOUG-1,"6",5.5,Salix alba,,,,Soverdi,false,true,
688,,DOUG-1,"4",4.5,Quercus bicolor,,,,Soverdi,false,true,
689,,DOUG-1,"7",5.5,Acer freemanii,,,,Unknown ,false,true,
690,,DOUG-1,"7",6.5,Acer freemanii,,,,Unknown ,false,true,
691,,DOUG-1,"4",3.2,Gymnocladus dioicus,,,,Soverdi ,false,true,
692,,DOUG-1,"8",8,Populus deltoides,,,,Soverdi ,false,true,
693,,DOUG-1,"2",3,Leave comment,Betula pendula,,,Soverdi ,false,true,
694,,DOUG-1,"4",4,Betula populifolia,,,,Soverdi ,false,true,
695,,DOUG-1,"3",3.5,Leave comment,Standing dead,,,Soverdi ,false,true,
696,,DOUG-1,"4",5,Salix sp.,,,,Soverdi ,false,true,
697,,DOUG-1,"6",4.5,Gymnocladus dioicus,,,,Soverdi ,false,true,
698,,DOUG-1,"2",4,Leave comment,Betula pendula,,,Soverdi ,false,true,
699,,DOUG-1,"4",4.5,Salix sp.,,,,Soverdi ,false,true,
700,,DOUG-1,"2",3.5,Leave comment,,,,Soverdi ,false,true,
701,,DOUG-1,"2",3.2,Leave comment,Dead standing ,,,Soverdi ,false,true,
782,,DOUG-1,"4",5,Acer rubrum,,,,Soverdi ,false,false,
783,,DOUG-1,"4",4.8,Acer rubrum,,,,Soverdi ,false,false,
784,,DOUG-1,"4",4.8,Acer rubrum,,,,Soverdi ,false,false,
785,,DOUG-1,"3,1.5",5,Acer rubrum,,,,Soverdi ,false,false,
786,,DOUG-1,"4",4.5,Salix alba,,,,Soverdi ,false,false,
787,,DOUG-1,"4",5,Acer rubrum,,,,Soverdi ,false,false,
788,,DOUG-1,"3.5",5,Acer rubrum,,,,Soverdi ,false,false,
789,,DOUG-1,"4",3.5,Salix alba,,,,Soverdi ,false,false,
790,,DOUG-1,"3",4.5,Acer rubrum,,,,Soverdi ,false,false,
791,,DOUG-1,"3",4.5,Salix alba,,,,Soverdi ,false,false,
792,,DOUG-1,"3",5,Acer rubrum,,,,Soverdi ,false,false,
793,,DOUG-1,"4",4,Acer rubrum,,,,Soverdi ,false,false,
794,,DOUG-1,"3",4,Acer rubrum,,,,Soverdi ,false,false,
795,,DOUG-1,"4",5.5,Salix alba,,,,Soverdi ,false,false,
796,,DOUG-1,"2",3.5,Betula nigra,,,,Soverdi ,false,false,
797,,DOUG-1,"3",4.5,Acer rubrum,,,,Soverdi ,false,false,
798,,DOUG-1,"2",3.5,Betula nigra,,,,Soverdi ,false,false,
799,,DOUG-1,"4",5.5,Salix matsudana,,,,Soverdi ,false,false,
800,,DOUG-1,"4",4.5,Salix alba,,,,Soverdi ,false,true,
801,,DOUG-1,"3",4.5,Acer rubrum,,,,Soverdi ,false,false,
802,,DOUG-1,"4",5,Acer rubrum,,,,Soverdi ,false,false,
803,,DOUG-1,"3",4.5,Acer rubrum,,,,Soverdi ,false,false,
804,,DOUG-1,"3",4,Acer rubrum,,,,Soverdi ,false,false,
805,,DOUG-1,"2",4.5,Betula nigra,,,,Soverdi ,false,false,
806,,DOUG-1,"3",4.5,Acer rubrum,,,,Soverdi ,false,false,
807,,DOUG-1,"3",5,Acer rubrum,,,,Soverdi ,false,false,
808,,DOUG-1,"3",4,Acer rubrum,,,,Soverdi ,false,true,
809,,DOUG-1,"2",4.5,Betula nigra,,,,Soverdi ,false,false,
810,,DOUG-1,"3",4.5,Acer rubrum,,,,Soverdi ,false,false,
811,,DOUG-1,"3",5,Salix alba,,,,Soverdi ,false,false,
812,,DOUG-1,"2",2.5,Populus sp.,,,,Soverdi ,false,false,
813,,DOUG-1,"4",4.5,Salix alba,,,,Soverdi ,false,false,
814,,DOUG-1,"3",4.5,Salix alba,,,,Soverdi ,false,false,
815,,DOUG-1,"3",5,Populus sp.,,,,Soverdi ,false,false,
816,,DOUG-1,"5",4.5,Acer freemanii,,,,Soverdi ,false,false,
817,,DOUG-1,"2",3.5,Populus sp.,,,,Soverdi ,false,false,
818,,DOUG-1,"3",3.2,Salix alba,,,,Soverdi ,false,false,
819,,DOUG-1,"2",2.2,Populus sp.,,,,Soverdi ,false,false,
820,,DOUG-1,"2",4,Betula nigra,,,,Soverdi ,false,false,
821,,DOUG-1,"3.5",3,Juglans nigra,,,,Soverdi ,false,false,
822,,DOUG-1,"3",4.5,Salix alba,,,,Soverdi ,false,false,
823,,DOUG-1,"4",6,Acer freemanii,,,,Soverdi ,false,false,
824,,DOUG-1,"3",4,Salix alba,,,,Soverdi ,false,false,
825,,DOUG-1,"4",5,Salix alba,,,,Soverdi ,false,false,
826,,DOUG-1,"3.5",4,Juglans nigra,,,,Soverdi ,false,true,
827,,DOUG-1,"2",3.5,Leave comment,Betula pubescens,,,Soverdi ,false,false,
828,,DOUG-1,"3",4.5,Salix alba,,,,Soverdi ,false,false,
829,,DOUG-1,"2",3.75,Betula nigra,,,,Soverdi ,false,false,
830,,DOUG-1,"4",6.5,Acer freemanii,,,,Soverdi ,false,false,
831,,DOUG-1,"35,20",10,Populus deltoides,,,,Unknown ,false,false,
832,,DOUG-1,"15",10,Populus deltoides,,,,Unknown ,false,false,
833,,DOUG-1,"5",6,Ulmus americana,,,,Unknown ,false,false,
834,,DOUG-1,"15,20",6,Populus deltoides,,,,Unknown ,false,false,
835,,DOUG-1,"15",6,Populus deltoides,,,,Unknown ,false,false,
836,,DOUG-1,"20.8",6.8,Gymnocladus dioicus,,,,Unknown ,true,true,
837,,DOUG-1,"21.2",10,Gymnocladus dioicus,,,,Unknown ,true,true,
838,,DOUG-1,"18.8",10,Acer freemanii,,,,Unknown ,true,true,
839,,DOUG-1,"17.6",8,Acer freemanii,,,,Unknown ,true,true,
840,,DOUG-1,"17.7",8,Acer freemanii,,,,Unknown ,false,true,
841,,DOUG-1,"16.5",6.5,Celtis occidentalis,,,,Unknown ,true,true,
842,,DOUG-1,"19.4",6,Celtis occidentalis,,,,Unknown ,true,true,
843,,DOUG-1,"35,30",20,Populus deltoides,,,,Unknown ,false,false,
844,,DOUG-1,"30",20,Populus deltoides,,,,Unknown ,false,false,
845,,DOUG-1,"15",10,Populus deltoides,,,,Unknown ,false,false,
846,,DOUG-2,"42.4",14,Tilia cordata,,,,Unknown ,true,true,
847,,DOUG-2,"42",15,Tilia cordata,,,,Unknown ,true,true,
848,,DOUG-2,"42.6",15,Acer platanoides,,,,Unknown ,true,true,
849,,DOUG-2,"42.8",15,Acer platanoides,,,,Unknown ,false,true,
850,,DOUG-2,"47",15,Acer platanoides,,,,,false,true,
851,,DOUG-2,"39.6",15,Tilia cordata,,,,Unknown ,false,true,
852,,DOUG-2,"33.3",15,Tilia cordata,,,,Unknown ,false,true,
853,,DOUG-2,"28.7",8,Tilia cordata,,,,Unknown ,false,true,
854,,DOUG-2,"34.6",15,Catalpa speciosa,,,,Unknown ,false,true,
855,,DOUG-2,"42.4",13,Acer saccharinum,,,,Unknown ,false,true,
856,,DOUG-2,"43.9",15,Tilia cordata,,,,Unknown ,false,true,
857,,DOUG-2,"36.5",15,Tilia cordata,,,,Unknown ,false,true,
858,,DOUG-2,"34.8",13,Acer platanoides,,,,Unknown ,false,true,
859,,DOUG-2,"22",10,Acer platanoides,,,,Unknown ,false,false,
860,,DOUG-2,"64.2",15,Acer saccharinum,,,,Unknown ,false,true,
861,,DOUG-2,"28.3",15,Acer saccharinum,,,,Unknown ,false,true,
862,,DOUG-2,"38.5",17,Acer saccharinum,,,,Unknown ,false,true,
863,,DOUG-2,"51",17,Acer saccharinum,,,,Unknown ,false,false,
864,,DOUG-2,"44.6",17,Acer saccharinum,,,,Unknown ,false,true,
865,,DOUG-2,"45",17,Acer saccharinum,,,,Unknown ,false,true,
866,,DOUG-2,"36",15,Acer saccharinum,,,,Unknown ,false,true,
867,,DOUG-2,"62",17,Acer saccharinum,,,,Unknown ,false,true,
868,,DOUG-2,"13",4,Celtis occidentalis,,,,Unknown ,true,true,
869,,DOUG-2,"55.4",22.5,Acer saccharinum,,,,Unknown ,true,true,
870,,DOUG-2,"41.2",15,Acer saccharinum,,,,Unknown ,false,true,
871,,DOUG-2,"38",17,Acer saccharinum,,,,Unknown ,false,true,
872,,DOUG-2,"52.5",17,Acer saccharinum,,,,,true,true,
873,,DOUG-2,"42",17,Acer saccharinum,,,,Unknown ,false,true,
874,,DOUG-2,"7",7,Leave comment,Dead standing ,,,Unknown ,false,false,
875,,DOUG-2,"6",7,,,,,,false,true,
876,,DOUG-2,"3",3,,,,,,false,false,
877,,DOUG-2,"4",6,Rhus typhina,,,,,false,false,
878,,DOUG-2,"2",3,Ulmus americana,,,,,false,false,
879,,DOUG-2,"5",6,,,,,,false,false,
880,,DOUG-2,"8",6,,,,,,false,false,
881,,DOUG-2,"6",6,,,,,,false,false,
882,,DOUG-2,"8",6,,,,,,false,false,
883,,DOUG-2,"8",6,,,,,,false,false,
884,,DOUG-2,"4",3,Ulmus americana,,,,,false,false,
885,,DOUG-2,"3",3,Ulmus americana,,,,,false,false,
886,,DOUG-2,"3",3,Ulmus americana,,,,,false,false,
887,,DOUG-2,"3",3,Ulmus americana,,,,,false,false,
888,,DOUG-2,"2",2,Ulmus americana,,,,,false,false,
889,,DOUG-2,"3",4,Ulmus americana,,,,,false,false,
890,,DOUG-2,"5",7,Ulmus americana,,,,,false,false,
891,,DOUG-2,"3",3,Leave comment,Dead standing,,,,false,false,
892,,DOUG-2,"5",4,Leave comment,Dead standing,,,,false,false,
893,,DOUG-2,"5",4,Leave comment,Dead standing,,,,false,false,
894,,DOUG-2,"3,2,2",2.5,Leave comment,Rhamnus cathartica,,,,false,false,
895,,DOUG-2,"2",2,Leave comment,Rhamnus cathartica,,,,false,false,
896,,DOUG-2,"3",3,Leave comment,Rhamnus cathartica,,,,false,false,
897,,DOUG-2,"3,2",3,Leave comment,Rhamnus cathartica,,,,false,false,
898,,DOUG-2,"5",4,Leave comment,Rhamnus cathartica,,,,false,false,
899,,DOUG-2,"2",2,Leave comment,Rhamnus cathartica,,,,false,false,
900,,DOUG-2,"40",25,Populus deltoides,,,,,false,false,
901,,DOUG-2,"15",15,Populus deltoides,,,,,false,false,
902,,DOUG-2,"3",5,Ulmus americana,,,,,false,false,
903,,DOUG-2,"2",2,Ulmus americana,,,,,false,false,
904,,DOUG-2,"2",3,Ulmus americana,,,,,false,false,
905,,DOUG-2,"2",3,Ulmus americana,,,,,false,false,
906,,DOUG-2,"2",3,Ulmus americana,,,,,false,false,
907,,DOUG-2,"2",4,Ulmus americana,,,,,false,false,
908,,DOUG-2,"2",4,Ulmus americana,,,,,false,false,
909,,DOUG-2,"3",4,Rhus typhina,,,,,false,false,
910,,DOUG-2,"2",3,Ulmus americana,,,,,false,false,
911,,DOUG-2,"2",3,Ulmus americana,,,,,false,false,
912,,DOUG-2,"2",3,Ulmus americana,,,,,false,false,
913,,DOUG-2,"5",7,Leave comment,Dead standing,,,,false,false,
914,,DOUG-2,"6",7,Leave comment,Dead standing,,,,false,false,
915,,DOUG-2,"6",7,Leave comment,Dead standing,,,,false,false,
916,,DOUG-2,"5",7,Leave comment,Dead standing,,,,false,false,
917,,DOUG-2,"7",8,Ulmus americana,,,,,false,false,
918,,DOUG-2,"1",2,Ulmus americana,,,,,false,false,
919,,DOUG-2,"15,15",15,Acer saccharinum,,,,,false,false,
920,,DOUG-2,"7",10,Fraxinus pennsylvanica,,,,,false,false,
921,,DOUG-2,"3",3,Ulmus americana,,,,,false,false,
922,,DOUG-2,"3",4,Ulmus americana,,,,,false,false,
923,,DOUG-2,"4",4,Rhus typhina,,,,,false,false,
924,,DOUG-2,"2",2,Leave comment,Dead standing,,,,false,false,
925,,DOUG-2,"5",7,Acer saccharinum,,,,,false,false,
926,,DOUG-2,"5",5,Acer saccharinum,,,,,false,false,
927,,DOUG-2,"3",4,Alnus glutinosa,,,,,false,false,
928,,DOUG-2,"5",7,Fraxinus pennsylvanica,,,,,false,false,
929,,DOUG-2,"5",7,Ulmus americana,,,,,false,false,
930,,DOUG-2,"2",2.5,Leave comment,Dead standing,,,,false,false,
931,,DOUG-2,"4",7,Ulmus americana,,,,,false,false,
932,,DOUG-2,"4",7,Leave comment,Dead standing,,,,false,false,
933,,DOUG-2,"2",2,Leave comment,Dead standing,,,,false,false,
934,,DOUG-2,"3",3,Ulmus americana,,,,,false,false,
935,,DOUG-2,"8,4",6,Rhus typhina,,,,,false,false,
936,,DOUG-2,"10",7,Leave comment,Dead standing,,,,false,false,
937,,DOUG-2,"3",2,Leave comment,Dead standing,,,,false,false,
938,,DOUG-2,"15,2",10,Acer saccharinum,,,,,false,false,
939,,DOUG-2,"8",8,Acer saccharinum,,,,,false,false,
940,,DOUG-2,"4",6,Acer saccharinum,,,,,false,false,
941,,DOUG-2,"4",3,Fraxinus pennsylvanica,,,,,false,false,
942,,DOUG-2,"2",3,Acer negundo,,,,,false,false,
943,,DOUG-2,"2",2.5,Fraxinus pennsylvanica,,,,,false,false,
944,,DOUG-2,"4",3,Catalpa speciosa,,,,,false,false,
945,,DOUG-2,"5",7,Fraxinus pennsylvanica,,,,,false,false,
946,,DOUG-2,"2",2,Leave comment,Rhamnus cathartica,,,,false,false,
947,,DOUG-2,"6",7,Fraxinus pennsylvanica,,,,,false,false,
948,,DOUG-2,"4,4,3",4,Leave comment,Rhamnus cathartica,,,,false,false,
949,,DOUG-2,"5",5,Leave comment,Dead standing,,,,false,false,
950,,DOUG-2,"20,20",20,Populus deltoides,,,,,false,false,
951,,DOUG-2,"4",3,Leave comment,Rhamnus cathartica,,,,false,false,
952,,DOUG-2,"2",2,Leave comment,Rhamnus cathartica,,,,false,false,
953,,DOUG-2,"2",2,Leave comment,Rhamnus cathartica,,,,false,false,
954,,DOUG-2,"2",2,Leave comment,Rhamnus cathartica,,,,false,false,
955,,DOUG-2,"2",2,Leave comment,Rhamnus cathartica,,,,false,false,
956,,DOUG-2,"2",2,Leave comment,Rhamnus cathartica,,,,false,false,
957,,DOUG-2,"2",2,Leave comment,Rhamnus cathartica,,,,false,false,
958,,DOUG-2,"1",2,Ulmus americana,,,,,false,false,
959,,DOUG-2,"3",4,Acer saccharinum,,,,,false,false,
960,,DOUG-2,"2",3,Acer saccharinum,,,,,false,false,
961,,DOUG-2,"8",5,Leave comment,Dead standing,,,,false,false,
962,,DOUG-2,"3",2,Fraxinus pennsylvanica,,,,,false,false,
963,,DOUG-2,"1",2,Alnus glutinosa,,,,,false,false,
964,,DOUG-2,"15",10,Populus deltoides,,,,,false,false,
965,,DOUG-2,"2",2,Fraxinus pennsylvanica,,,,,false,false,
966,,DOUG-2,"3",4,Fraxinus pennsylvanica,,,,,false,false,
967,,DOUG-2,"8",6.5,Leave comment,Dead standing,,,,false,false,
968,,DOUG-2,"2",2,Fraxinus pennsylvanica,,,,,false,false,
969,,DOUG-2,"8",7,Acer negundo,,,,,false,false,
970,,DOUG-2,"2",2,Fraxinus pennsylvanica,,,,,false,false,
971,,DOUG-2,"2",2,Fraxinus pennsylvanica,,,,,false,false,
972,,DOUG-2,"10",3,Tilia cordata,,,,,false,false,
973,,DOUG-2,"4,3",4,Fraxinus pennsylvanica,,,,,false,false,
974,,DOUG-2,"10",6,Fraxinus pennsylvanica,,,,,false,false,
975,,DOUG-2,"4",4,Leave comment,Rhamnus cathartica,,,,false,false,
976,,DOUG-2,"3",2,Leave comment,Rhamnus cathartica,,,,false,false,
977,,DOUG-2,"3",2,Leave comment,Rhamnus cathartica,,,,false,false,
978,,DOUG-2,"3",2,Leave comment,Rhamnus cathartica,,,,false,false,
979,,DOUG-2,"10",5,Leave comment,Dead standing,,,,false,false,
980,,DOUG-2,"5",4,Fraxinus pennsylvanica,,,,,false,false,
981,,DOUG-2,"5",4,Fraxinus pennsylvanica,,,,,false,false,
982,,DOUG-2,"5",3,Leave comment,Dead standing,,,,false,false,
983,,DOUG-2,"7",3,Acer negundo,,,,,false,false,
984,,DOUG-2,"3",3,Fraxinus pennsylvanica,,,,,false,false,
985,,DOUG-2,"3",3,Fraxinus pennsylvanica,,,,,false,false,
986,,DOUG-2,"3",3,Ulmus americana,,,,,false,false,
987,,DOUG-2,"3",3,Acer negundo,,,,,false,false,
988,,DOUG-2,"3",3,Fraxinus pennsylvanica,,,,,false,false,
989,,DOUG-2,"2",2,Leave comment,Dead standing,,,,false,false,
990,,DOUG-2,"2",2,Acer saccharinum,,,,,false,false,
991,,DOUG-2,"2",2,Leave comment,Frangula alnus,,,,false,false,
992,,DOUG-2,"2",2,Leave comment,Dead standing,,,,false,false,
993,,DOUG-2,"2",2.5,Leave comment,Dead standing,,,,false,false,
994,,DOUG-2,"2",3,Fraxinus pennsylvanica,,,,,false,false,
995,,DOUG-2,"2",2,Fraxinus pennsylvanica,,,,,false,false,
996,,DOUG-2,"2",2,Fraxinus pennsylvanica,,,,,false,false,
997,,DOUG-2,"2",3,Fraxinus pennsylvanica,,,,,false,false,
998,,DOUG-2,"4",3.5,Fraxinus pennsylvanica,,,,,false,false,
999,,DOUG-2,"5",5,Leave comment,Dead standing,,,,false,false,
1000,,DOUG-2,"4",4,Acer platanoides,,,,,false,false,
1001,,DOUG-2,"5",6,Leave comment,Dead standing,,,,false,false,
1002,,DOUG-2,"20",15,Leave comment,Dead standing,,,,false,false,
1003,,DOUG-2,"15",15,Leave comment,Dead standing,,,,false,false,
1004,,DOUG-2,"20",15,Leave comment,Dead standing,,,,false,false,
1005,,DOUG-2,"5",4,Leave comment,Rhamnus cathartica,,,,false,false,
1006,,DOUG-2,"5",4,Leave comment,Rhamnus cathartica,,,,false,false,
1007,,DOUG-2,"2",2,Leave comment,Rhamnus cathartica,,,,false,false,
1008,,DOUG-2,"2",2,Leave comment,Rhamnus cathartica,,,,false,false,
1009,,DOUG-2,"5",5,Leave comment,Dead standing,,,,false,false,
1010,,DOUG-2,"10,10,10,10",10,Acer saccharinum,,,,,false,false,
1011,,DOUG-2,"4",4,Leave comment,Dead standing,,,,false,false,
1012,,DOUG-2,"15",8,Leave comment,Dead standing,,,,false,false,
1013,,DOUG-2,"5",10,Fraxinus pennsylvanica,,,,,false,false,
1014,,DOUG-2,"20",8,Leave comment,Rhamnus cathartica,,,,false,false,
1015,,DOUG-2,"1",2,Rhus typhina,,,,,false,false,
1016,,DOUG-2,"10",8,Acer saccharinum,,,,,false,false,
1017,,DOUG-2,"10",10,Leave comment,Dead standing,,,,false,false,
1018,,DOUG-2,"3",2.5,Fraxinus pennsylvanica,,,,,false,false,
1019,,DOUG-2,"16",10,Acer saccharinum,,,,,false,false,
1020,,DOUG-2,"5",7,Ulmus americana,,,,,false,false,
1021,,DOUG-2,"5",7,Acer saccharinum,,,,,false,false,
1022,,DOUG-2,"15",15,Acer saccharinum,,,,,false,false,
1023,,DOUG-2,"15,10,20,15",15,Acer saccharinum,,,,,false,false,
1024,,DOUG-2,"4",3,Acer negundo,,,,,false,false,
1025,,DOUG-2,"5",6,Fraxinus pennsylvanica,,,,,false,false,
1026,,DOUG-2,"2",3,Rhus typhina,,,,,false,false,
1027,,DOUG-2,"2",3,Rhus typhina,,,,,false,false,
1028,,DOUG-2,"2",2,Prunus virginiana,,,,,false,false,
1029,,DOUG-2,"7",5,Fraxinus pennsylvanica,,,,,false,false,
1030,,DOUG-2,"2",3,Rhus typhina,,,,,false,false,
1031,,DOUG-2,"5",4,Gleditsia triacanthos,,,,,false,false,
1032,,DOUG-2,"3,3,3",3,Leave comment,Rhamnus cathartica,,,,false,false,
1033,,DOUG-2,"3",3,Rhus typhina,,,,,false,false,
1034,,DOUG-2,"2",3,Leave comment,Rhamnus cathartica,,,,false,false,
1035,,DOUG-2,"2",3,Leave comment,Rhamnus cathartica,,,,false,false,
1036,,DOUG-2,"2",3,Leave comment,Rhamnus cathartica,,,,false,false,
1037,,DOUG-2,"10",5,Leave comment,Dead standing,,,,false,false,
1038,,DOUG-2,"5",5,Leave comment,Rhamnus cathartica,,,,false,false,
1039,,DOUG-2,"3",2,Leave comment,Rhamnus cathartica,,,,false,false,
1040,,DOUG-2,"2",2.5,Prunus virginiana,,,,,false,false,
1041,,DOUG-2,"2",3,Leave comment,Rhamnus cathartica,,,,false,false,
1042,,DOUG-2,"2",3,Leave comment,Rhamnus cathartica,,,,false,false,
1043,,DOUG-2,"1",2,Leave comment,Rhamnus cathartica,,,,false,false,
1044,,DOUG-2,"1",2,Leave comment,Rhamnus cathartica,,,,false,false,
1045,,DOUG-2,"1",2,Leave comment,Rhamnus cathartica,,,,false,false,
1046,,DOUG-2,"1",2,Leave comment,Rhamnus cathartica,,,,false,false,
1047,,DOUG-2,"1",2,Leave comment,Rhamnus cathartica,,,,false,false,
1048,,DOUG-2,"1",2,Leave comment,Rhamnus cathartica,,,,false,false,
1049,,DOUG-2,"1",2,Leave comment,Rhamnus cathartica,,,,false,false,
1050,,DOUG-2,"1",2,Leave comment,Rhamnus cathartica,,,,false,false,
1051,,DOUG-2,"1",2,Leave comment,Rhamnus cathartica,,,,false,false,
1052,,DOUG-2,"2",2,Leave comment,Dead standing,,,,false,false,
1053,,DOUG-2,"2",3,Leave comment,Rhamnus cathartica,,,,false,false,
1054,,DOUG-2,"15",6,Leave comment,Dead standing,,,,false,false,
1055,,DOUG-2,"15",6,Leave comment,Dead standing,,,,false,false,
1056,,DOUG-2,"6",4,Fraxinus pennsylvanica,,,,,false,false,
1057,,DOUG-2,"10",7,Leave comment,Dead standing,,,,false,false,
1058,,DOUG-2,"6",2,Leave comment,Rhamnus cathartica,,,,false,false,
1059,,DOUG-2,"5",4,Leave comment,Rhamnus cathartica,,,,false,false,
1060,,DOUG-2,"4",3,Leave comment,Dead standing,,,,false,false,
1061,,DOUG-2,"20",15,Leave comment,Dead standing,,,,false,false,
1062,,DOUG-2,"10",4,Leave comment,Rhamnus cathartica,,,,false,false,
1063,,DOUG-2,"4",2.5,Leave comment,Frangula alnus,,,,false,false,
1064,,DOUG-2,"2",2,Leave comment,Rhamnus cathartica,,,,false,false,
1065,,DOUG-2,"2",2,Leave comment,Rhamnus cathartica,,,,false,false,
1066,,DOUG-2,"2",2,Leave comment,Rhamnus cathartica,,,,false,false,
1067,,DOUG-2,"2",2,Leave comment,Rhamnus cathartica,,,,false,false,
1068,,UDEM-2,"15",10,Acer saccharinum,,,,,false,false,
1069,,UDEM-2,"5",5,Acer negundo,,,,,false,false,
1070,,UDEM-2,"17",7,Acer negundo,,,,,false,false,
1071,,UDEM-2,"3",3,Ulmus americana,,,,,false,false,
1072,,UDEM-2,"2",4,Fraxinus pennsylvanica,,,,,false,false,
1073,,UDEM-2,"7,10,5,5,7,7,5,7,8",2,Leave comment,Dead standing,,,,false,false,
1074,,UDEM-2,"8,8",4,Tilia cordata,,,,,false,false,
1075,,UDEM-2,"8",3,Acer negundo,,,,,false,false,
1076,,UDEM-2,"5",2,Acer negundo,,,,,false,false,
1077,,UDEM-2,"2",2,Prunus americana,,,,,false,false,
1078,,UDEM-2,"10,7",7,Acer saccharum,,,,,false,false,
1079,,UDEM-2,"15",5,Leave comment,Dead standing,,,,false,false,
1080,,UDEM-2,"20",8,Acer saccharum,,,,,false,false,
1081,,UDEM-2,"4",3,Acer saccharum,,,,,false,false,
1082,,UDEM-2,"10",7,Acer saccharum,,,,,false,false,
1083,,UDEM-2,"4",3,Acer saccharum,,,,,false,false,
1084,,UDEM-2,"20",2,Leave comment,Euonymus alatus,,,,false,false,
1085,,UDEM-2,"10",2,Leave comment,Euonymus alatus,,,,false,false,
1086,,UDEM-2,"15",2.5,Leave comment,Euonymus alatus,,,,false,false,
1087,,UDEM-2,"10",2,Leave comment,Euonymus alatus,,,,false,false,
1088,,UDEM-2,"10",2,Leave comment,Euonymus alatus,,,,false,false,
1089,,UDEM-2,"10",2,Leave comment,Euonymus alatus,,,,false,false,
1090,,UDEM-2,"10",7,Acer negundo,,,,,false,false,
1091,,UDEM-2,"10",6,Acer saccharum,,,,,false,false,
1092,,UDEM-2,"25",10,Populus deltoides,,,,,false,false,
1093,,UDEM-2,"15",10,Acer negundo,,,,,false,false,
1094,,UDEM-2,"15,20,12,10,15,10",10,Acer negundo,,,,,false,false,
1095,,UDEM-2,"5,7",4,Leave comment,Dead standing,,,,false,false,
1096,,UDEM-2,"10",2,Acer negundo,,,,,false,false,
1097,,UDEM-2,"5",5,Acer saccharum,,,,,false,false,
1098,,UDEM-2,"3",3,Fraxinus pennsylvanica,,,,,false,false,
1099,,UDEM-2,"15,10,15",8,Acer negundo,,,,,false,false,
1100,,UDEM-2,"10,15",10,Acer negundo,,,,,false,false,
1101,,UDEM-2,"7",5,Acer saccharum,,,,,false,false,
1102,,UDEM-2,"15,10",10,Acer negundo,,,,,false,false,
1103,,UDEM-2,"2",2.5,Amelanchier canadensis,,,,,false,false,
1104,,UDEM-2,"3",3,Acer rubrum,,,,,false,false,
1105,,UDEM-2,"10",7,Acer negundo,,,,,false,false,
1106,,UDEM-2,"25,15,20",15,Acer negundo,,,,,false,false,
1107,,UDEM-2,"15,20,20",15,Acer negundo,,,,,false,false,
1108,,UDEM-2,"15",15,Acer negundo,,,,,false,false,
1109,,UDEM-2,"10,25",15,Acer negundo,,,,,false,false,
1110,,UDEM-2,"10,20",15,Acer negundo,,,,,false,false,
1111,,UDEM-2,"10,25,20,20",15,Acer negundo,,,,,false,false,
1112,,UDEM-2,"35",15,Acer platanoides,,,,,false,false,
1113,,UDEM-2,"20,20",15,Acer negundo,,,,,false,false,
1114,,UDEM-2,"8",10,Acer saccharum,,,,,false,false,
1115,,UDEM-2,"8",10,Acer saccharum,,,,,false,false,
1116,,UDEM-2,"7",5,Acer negundo,,,,,false,false,
1117,,UDEM-2,"25,20,15,8",5,Acer negundo,,,,,false,false,
1118,,UDEM-2,"2",2,Leave comment,Dead standing,,,,false,false,
1119,,UDEM-2,"15",10,Acer negundo,,,,,false,false,
1120,,UDEM-2,"15,10,20,20",15,Acer negundo,,,,,false,false,
1121,,UDEM-2,"8,5",6,Acer saccharum,,,,,false,false,
1122,,UDEM-2,"35,27",20,Acer negundo,,,,,false,false,
1123,,UDEM-2,"8,8",6,Acer saccharum,,,,,false,false,
1124,,UDEM-2,"20,15",6,Acer negundo,,,,,false,false,
1125,,UDEM-2,"2",2,Leave comment,Dead standing,,,,false,false,
1126,,UDEM-2,"1",2,Acer saccharum,,,,,false,false,
1127,,UDEM-2,"30,10",15,Acer negundo,,,,,false,false,
1128,,UDEM-2,"30,30,30",15,Acer negundo,,,,,false,false,
1129,,UDEM-2,"15,20,15",15,Acer negundo,,,,,false,false,
1130,,UDEM-2,"30,30",15,Acer negundo,,,,,false,false,
1131,,UDEM-2,"5",6,Acer saccharum,,,,,false,false,
1132,,UDEM-2,"10,10,7,5",10,Acer negundo,,,,,false,false,
1133,,UDEM-2,"5,3",3.5,Acer negundo,,,,,false,false,
1134,,UDEM-2,"2,10,15",15,Acer negundo,,,,,false,false,
1135,,UDEM-2,"7,10",7,Acer negundo,,,,,false,false,
1136,,UDEM-2,"7,10",10,Acer negundo,,,,,false,false,
1137,,UDEM-2,"10,15,15",10,Acer negundo,,,,,false,false,
1138,,UDEM-2,"60",15,Acer saccharum,,,,,false,false,
1139,,UDEM-2,"8",4,,Tilia x europea,,,Soverdi,false,false,
1140,,UDEM-2,"9",4.5,Acer saccharum,,,,Soverdi,false,false,
1141,,UDEM-2,"10",6,Acer x freemanii,,,,Soverdi,false,false,
1142,,UDEM-2,"5",2.5,Amelanchier canadensis,,,,Soverdi,false,false,
1143,,UDEM-2,"6",3,Acer tataricum,,,,Soverdi,false,false,
1144,,UDEM-2,"25",9,Acer saccharum,,,,Unknown ,false,false,
1145,,UDEM-2,"2",2,Rhus typhina,,,,Unknown ,false,false,
1146,,UDEM-2,"7",4,Rhus typhina,,,,Unknown ,false,false,
1147,,UDEM-2,"12",5,Rhus typhina,,,,Unknown ,false,false,
1148,,UDEM-2,"10,8",4,Rhus typhina,,,,Unknown ,false,false,
1149,,UDEM-2,"25",4,Fraxinus americana,,,,Unknown ,false,false,
1150,,UDEM-2,"12",4,Acer platanoides,,,,Unknown ,false,false,
1151,,UDEM-2,"10",3,Acer saccharum,,,,Unknown ,false,false,
1152,,UDEM-2,"5",2.5,Amelanchier canadensis,,,,Soverdi,false,false,
1153,,UDEM-2,"20,15,20",10,Betula papyrifera,,,,Unknown ,false,false,
1154,,UDEM-2,"6",2,Leave comment,Populus canadensis,,,Soverdi,false,false,
1155,,UDEM-2,"8",2,Sorbus aucuparia,,,,Soverdi,false,false,
1156,,UDEM-2,"4",2,Leave comment,Tilia europea,,,Soverdi,false,false,
1157,,UDEM-2,"10",2,Catalpa speciosa,,,,Unknown,false,false,
1158,,UDEM-2,"7",2,Phellodendron amurense,,,,Soverdi,false,false,
1159,,UDEM-2,"15",4.5,Ulmus pumila,,,,Unknown,false,false,
1160,,UDEM-2,"6",2.5,Leave comment,,,,Soverdi,false,false,
1161,,UDEM-2,"35",15,Acer saccharum,,,,Unknown,false,false,
1162,,UDEM-2,"35",15,Acer saccharum,,,,Unknown,false,false,
1163,,UDEM-2,"30",12,Acer saccharum,,,,Unknown,false,false,
1164,,UDEM-2,"4",2,Sorbus aucuparia,,,,Soverdi,false,false,
1165,,UDEM-2,"25",10,Acer saccharum,,,,Unknown,false,false,
1166,,UDEM-2,"5",3,Quercus rubra,,,,Soverdi,false,false,
1167,,UDEM-2,"25",10,Acer saccharum,,,,Unknown,false,false,
1168,,UDEM-2,"3",2,Ulmus sp.,,,,Soverdi,false,false,
1169,,UDEM-2,"11",4,Larix laricina,,,,Soverdi,false,false,
1170,,UDEM-2,"10",3,Acer negundo,,,,Unknown,false,false,
1171,,UDEM-2,"10,10",4,Prunus sp.,,,,Unknown,false,false,
1172,,UDEM-2,"3",3,Fraxinus pennsylvanica,,,,Unknown,false,false,
1173,,UDEM-2,"3",3,Fraxinus pennsylvanica,,,,Unknown,false,false,
1174,,UDEM-2,"2",2.5,Fraxinus pennsylvanica,,,,Unknown,false,false,
1175,,UDEM-2,"2",2.5,Fraxinus pennsylvanica,,,,Unknown,false,false,
1176,,UDEM-2,"2",2.5,Fraxinus pennsylvanica,,,,Unknown,false,false,
1177,,UDEM-2,"7",3.5,Fraxinus pennsylvanica,,,,Unknown,false,false,
1178,,UDEM-2,"7",8,Prunus sp.,,,,Unknown,false,false,
1179,,UDEM-2,"37",10,Acer platanoides,,,,Unknown,false,false,
1180,,UDEM-2,"4",3.5,Leave comment,,,,Unknown,false,false,
1181,,UDEM-2,"15",4,Pyrus communis,,,,Unknown,false,false,
1182,,UDEM-2,"3",2,Rhus typhina,,,,Unknown,false,false,
1183,,UDEM-2,"8",4,Rhus typhina,,,,Unknown,false,false,
1184,,UDEM-2,"8",3.5,Rhus typhina,,,,Unknown,false,false,
1185,,UDEM-2,"10",3,Rhus typhina,,,,Unknown,false,false,
1186,,UDEM-2,"10,10,12",4.5,Malus sp.,,,,Unknown,false,false,
1187,,UDEM-2,"6",4,Quercus macrocarpa,,,,Soverdi,false,false,
1188,,UDEM-2,"10",4,Quercus rubra,,,,Soverdi,false,false,
1189,,UDEM-2,"4",3,Quercus rubra,,,,Soverdi,false,false,
1190,,UDEM-2,"2",2,Leave comment,,,,Soverdi,false,false,
1191,,UDEM-2,"8",3,Tilia americana,,,,Soverdi,false,false,
1192,,UDEM-2,"3",3,Acer saccharum,,,,Soverdi,false,false,
1193,,UDEM-2,"4",2,Pinus strobus,,,,Soverdi,false,false,
1194,,UDEM-2,"13",3.5,Pinus strobus,,,,Unknown,false,false,
1195,,UDEM-2,"4",3.5,Leave comment,,,,Soverdi,false,false,
1196,,UDEM-2,"4",3,Leave comment,Betula pendula,,,Soverdi,false,false,
1197,,UDEM-2,"3",2,Amelanchier canadensis,,,,Soverdi,false,false,
1198,,UDEM-2,"3",2,Amelanchier canadensis,,,,Soverdi,false,false,
1199,,UDEM-2,"15",5,Ostrya virginiana,,,,Soverdi,false,false,
1200,,UDEM-2,"6",2.5,Sorbus aucuparia,,,,Soverdi,false,false,
1201,,UDEM-2,"4",2.5,Acer saccharum,,,,Soverdi,false,false,
1202,,UDEM-2,"2",2,Leave comment,Dead standing,,,Soverdi,false,false,
1203,,UDEM-2,"2",2,Prunus sp.,,,,Soverdi,false,false,
1204,,UDEM-2,"2",2,Prunus sp.,,,,Soverdi,false,false,
1205,,UDEM-2,"7",3,Leave comment,Tilia x europea,,,Soverdi,false,false,
1206,,UDEM-2,"3",3,Acer saccharum,,,,Soverdi,false,false,
1207,,UDEM-2,"6",3,Amelanchier canadensis,,,,Soverdi,false,false,
1208,,UDEM-2,"25",12,Acer platanoides,,,,Unknown,false,false,
1209,,UDEM-2,"6",3.5,Phellodendron amurense,,,,Soverdi,false,false,
1210,,UDEM-2,"15",5,Leave comment,,,,Unknown,false,false,
1211,,UDEM-2,"15",5,Leave comment,,,,Unknown,false,false,
1212,,UDEM-2,"17",7,Leave comment,Picea sp.,,,Unknown,false,false,
1213,,UDEM-2,"7",3,Sorbus aucuparia,,,,Soverdi,false,false,
1214,,UDEM-2,"17",6,Acer saccharum,,,,Soverdi,false,false,
1215,,UDEM-2,"2",2.5,Quercus rubra,,,,Soverdi,false,false,
1216,,UDEM-2,"4",3.5,Quercus macrocarpa,,,,Soverdi,false,false,
1217,,UDEM-2,"55",15,Acer saccharum,,,,Unknown,false,false,
1218,,UDEM-2,"40",12,Acer saccharum,,,,Unknown,false,false,
1219,,UDEM-2,"25",10,Leave comment,Picea sp.,,,Unknown,false,false,
1220,,UDEM-2,"12",8,Leave comment,Picea sp.,,,Unknown,false,false,
1221,,UDEM-2,"12",8,Leave comment,Picea sp.,,,Unknown,false,false,
1222,,UDEM-2,"12",8,Quercus rubra,,,,Unknown,false,false,
1223,,UDEM-2,"10",2,Malus sp.,,,,Unknown,false,false,
1224,,UDEM-2,"5,6",2,Prunus sp.,,,,Unknown,false,false,
1225,,UDEM-2,"45",15,Acer saccharum,,,,Unknown,false,false,
1226,,UDEM-2,"15",7,Quercus macrocarpa,,,,Unknown,false,false,
1227,,UDEM-2,"3",2,Leave comment,Dead standing,,,Soverdi,false,false,
1228,,UDEM-2,"10",4,Acer tataricum,,,,Unknown,false,false,
1229,,UDEM-2,"7",3,Leave comment,Tilia x europea,,,Soverdi,false,false,
1230,,UDEM-2,"15",6,Quercus macrocarpa,,,,Unknown,false,false,
1231,,UDEM-2,"9",4,Catalpa speciosa,,,,Soverdi,false,false,
1232,,UDEM-2,"30",10,Leave comment,Picea sp.,,,Unknown,false,false,
1233,,UDEM-2,"15",7,Leave comment,Picea sp.,,,Unknown,false,false,
1234,,UDEM-2,"15",7,Leave comment,Picea sp.,,,Unknown,false,false,
1235,,UDEM-2,"45",20,Leave comment,Dead standing,,,Unknown,false,false,
1236,,UDEM-2,"50",20,Acer saccharum,,,,Unknown,false,false,
1237,,UDEM-2,"4",2,Leave comment,Picea sp.,,,Unknown,false,false,
1238,,UDEM-2,"40",20,Acer saccharum,,,,Unknown,false,false,
1239,,UDEM-2,"15",10,Acer saccharum,,,,Unknown,false,false,
1240,,UDEM-2,"10,10",10,Leave comment,Dead standing,,,Unknown,false,false,
1241,,UDEM-2,"6",3.5,Amelanchier canadensis,,,,Soverdi,false,false,
1242,,UDEM-2,"7",2.5,Prunus sp.,,,,Soverdi,false,false,
1243,,UDEM-2,"3",3,Leave comment,Dead standing,,,Soverdi,false,false,
1244,,UDEM-2,"20",10,Tilia americana,,,,Unknown,false,false,
1245,,UDEM-2,"9",8,Fraxinus pennsylvanica,,,,Unknown,false,false,
1246,,UDEM-2,"12,10,8",8,Tilia americana,,,,Unknown,false,false,
1247,,UDEM-2,"10",7,Tilia americana,,,,Unknown,false,false,
1248,,UDEM-2,"15",7,Leave comment,Picea sp.,,,Unknown,false,false,
1249,,UDEM-2,"20",8,Tilia americana,,,,Unknown,false,false,
1250,,UDEM-2,"15",6,Leave comment,Picea sp.,,,Unknown,false,false,
1251,,UDEM-2,"15",7.5,Leave comment,Picea sp.,,,Unknown,false,false,
1252,,UDEM-2,"12,11",8,Leave comment,Dead standing,,,Unknown,false,false,
1253,,UDEM-2,"3",2,Populus tremuloides,,,,,false,false,
1254,,UDEM-2,"3",2,Populus tremuloides,,,,,false,false,
1255,,UDEM-2,"7",4,Fraxinus pennsylvanica,,,,,false,false,
1256,,UDEM-2,"4",3,Populus tremuloides,,,,,false,false,
1257,,UDEM-2,"4",3,Populus tremuloides,,,,,false,false,
1258,,UDEM-2,"4",3,Populus tremuloides,,,,,false,false,
1259,,UDEM-2,"3",3,Leave comment,Dead standing,,,,false,false,
1260,,UDEM-2,"3",3,Populus tremuloides,,,,,false,false,
1261,,UDEM-2,"20,25",20,Quercus rubra,,,,,false,false,
1262,,UDEM-2,"40",20,Quercus rubra,,,,,false,false,
1263,,UDEM-2,"30",30,Ulmus sp.,,,,,false,false,
1264,,UDEM-2,"2",2,Acer saccharinum,,,,,false,false,
1265,,UDEM-2,"3",4,Leave comment,Dead standing,,,,false,false,
1266,,UDEM-2,"4",4,Acer saccharum,,,,,false,false,
1267,,UDEM-2,"1",2,Leave comment,Rhamnus cathartica,,,,false,false,
1268,,UDEM-2,"1",2,Leave comment,Rhamnus cathartica,,,,false,false,
1269,,UDEM-2,"2",2,Leave comment,Dead standing,,,,false,false,
1270,,UDEM-2,"1",2,Fraxinus pennsylvanica,,,,,false,false,
1271,,UDEM-2,"1",2,Fraxinus pennsylvanica,,,,,false,false,
1272,,UDEM-2,"2",4,Fraxinus pennsylvanica,,,,,false,false,
1273,,UDEM-2,"3",4,Fraxinus pennsylvanica,,,,,false,false,
1274,,UDEM-2,"1",2,Fraxinus pennsylvanica,,,,,false,false,
1275,,UDEM-2,"1",2,Leave comment,Rhamnus cathartica,,,,false,false,
1276,,UDEM-2,"3",5,Fraxinus pennsylvanica,,,,,false,false,
1277,,UDEM-2,"4",4,Rhus typhina,,,,,false,false,
1278,,UDEM-2,"30",10,Leave comment,Dead standing,,,,false,false,
1279,,UDEM-2,"8",5,Fraxinus pennsylvanica,,,,,false,false,
1280,,UDEM-2,"8",6,Leave comment,Dead standing,,,,false,false,
1281,,UDEM-2,"1",2,Leave comment,Rhamnus cathartica,,,,false,false,
1282,,UDEM-2,"1",2,Leave comment,Rhamnus cathartica,,,,false,false,
1283,,UDEM-2,"4",3,Leave comment,Dead standing,,,,false,false,
1284,,UDEM-2,"2",2,Leave comment,Rhamnus cathartica,,,,false,false,
1285,,UDEM-2,"2",3,Fraxinus pennsylvanica,,,,,false,false,
1286,,UDEM-2,"10",2,Leave comment,Dead standing,,,,false,false,
1287,,UDEM-2,"7",5,Fraxinus pennsylvanica,,,,,false,false,
1288,,UDEM-2,"7",4,Leave comment,Dead standing,,,,false,false,
1289,,UDEM-2,"8",6,Fraxinus pennsylvanica,,,,,false,false,
1290,,UDEM-2,"1",2,Leave comment,Rhamnus cathartica,,,,false,false,
1291,,UDEM-2,"1",2,Leave comment,Rhamnus cathartica,,,,false,false,
1292,,UDEM-2,"5",5,Leave comment,Rhamnus cathartica,,,,false,false,
1293,,UDEM-2,"5",5,Leave comment,Rhamnus cathartica,,,,false,false,
1294,,UDEM-2,"2",2,Leave comment,Rhamnus cathartica,,,,false,false,
1295,,UDEM-2,"10",7,Leave comment,Dead standing,,,,false,false,
1296,,UDEM-2,"2",2,Leave comment,Rhamnus cathartica,,,,false,false,
1297,,UDEM-2,"6",4,Fraxinus pennsylvanica,,,,,false,false,
1298,,UDEM-2,"40",15,Leave comment,Dead standing,,,,false,false,
1299,,UDEM-2,"20",10,Leave comment,Dead standing,,,,false,false,
1300,,UDEM-2,"5",5,Fraxinus pennsylvanica,,,,,false,false,
1301,,UDEM-2,"5",5,Fraxinus pennsylvanica,,,,,false,false,
1302,,UDEM-2,"7",7,Fraxinus pennsylvanica,,,,,false,false,
1303,,UDEM-2,"4",4,Fraxinus pennsylvanica,,,,,false,false,
1304,,UDEM-2,"5",6,Fraxinus pennsylvanica,,,,,false,false,
1305,,UDEM-2,"3",3,Leave comment,Dead standing,,,,false,false,
1306,,UDEM-2,"3",2,Leave comment,Dead standing,,,,false,false,
1307,,UDEM-2,"3",4,Rhus typhina,,,,,false,false,
1308,,UDEM-2,"10",8,Acer saccharum,,,,,false,false,
1309,,UDEM-2,"7",4,Leave comment,Dead standing,,,,false,false,
1310,,UDEM-2,"10",10,Fraxinus pennsylvanica,,,,,false,false,
1311,,UDEM-2,"7",9,Acer saccharum,,,,,false,false,
1312,,UDEM-2,"20",15,Leave comment,Dead standing,,,,false,false,
1313,,UDEM-2,"1",2,Leave comment,Dead standing,,,,false,false,
1314,,UDEM-2,"4",5,Acer saccharum,,,,,false,false,
1315,,UDEM-2,"4",6,Leave comment,Dead standing,,,,false,false,
1316,,UDEM-2,"3",4,Rhus typhina,,,,,false,false,
1317,,UDEM-2,"4",4,Rhus typhina,,,,,false,false,
1318,,UDEM-2,"6",4,Rhus typhina,,,,,false,false,
1319,,UDEM-2,"12",10,Fraxinus pennsylvanica,,,,,false,false,
1320,,UDEM-2,"10",10,Rhus typhina,,,,,false,false,
1321,,UDEM-2,"8",9,Rhus typhina,,,,,false,false,
1322,,UDEM-2,"15",10,Acer saccharum,,,,,false,false,
1323,,UDEM-2,"25",15,Fraxinus pennsylvanica,,,,,false,false,
1324,,UDEM-2,"15",10,Acer negundo,,,,,false,false,
1325,,UDEM-2,"7",7,Tilia americana,,,,,false,false,
1326,,UDEM-2,"2",3,Rhus typhina,,,,,false,false,
1327,,UDEM-2,"4",5,Rhus typhina,,,,,false,false,
1328,,UDEM-2,"2",3,Rhus typhina,,,,,false,false,
1329,,UDEM-2,"2",3,Rhus typhina,,,,,false,false,
1330,,UDEM-2,"2",3,Leave comment,Dead standing,,,,false,false,
1331,,UDEM-2,"2",3,Leave comment,Dead standing,,,,false,false,
1332,,UDEM-2,"1",2,Leave comment,,,,,false,false,
1333,,UDEM-2,"2",3,Leave comment,Dead standing,,,,false,false,
1334,,,"4",4,Leave comment,Dead standing,,,,false,false,
1335,,UDEM-2,"4",4,Leave comment,Dead standing,,,,false,false,
1336,,UDEM-2,"2",2,Leave comment,Dead standing,,,,false,false,
1337,,UDEM-2,"2",2,Leave comment,Dead standing,,,,false,false,
1338,,UDEM-2,"7",8,Acer negundo,,,,,false,false,
1339,,UDEM-2,"20",15,Fraxinus pennsylvanica,,,,,false,false,
1340,,UDEM-2,"17",20,Fraxinus pennsylvanica,,,,,false,false,
1341,,UDEM-2,"4",3.5,Prunus sp.,,,,,false,false,
1342,,UDEM-2,"5",3.5,Leave comment,Dead standing,,,,false,false,
1343,,UDEM-2,"5",3.5,Leave comment,Dead standing,,,,false,false,
1344,,UDEM-2,"1",2,Leave comment,Dead standing,,,,false,false,
1345,,UDEM-2,"1",2,Leave comment,Dead standing,,,,false,false,
1346,,UDEM-2,"1",2,Leave comment,Dead standing,,,,false,false,
1347,,UDEM-2,"1",2,Leave comment,Dead standing,,,,false,false,
1348,,UDEM-2,"1",2,Leave comment,Dead standing,,,,false,false,
1349,,UDEM-2,"1",2,Leave comment,Dead standing,,,,false,false,
1350,,UDEM-2,"1",2,Leave comment,Dead standing,,,,false,false,
1351,,UDEM-2,"1",2,Leave comment,Dead standing,,,,false,false,
1352,,UDEM-2,"1",2,Leave comment,Dead standing,,,,false,false,
1353,,UDEM-2,"1",2,Leave comment,Dead standing,,,,false,false,
1354,,UDEM-2,"10",8,Fraxinus pennsylvanica,,,,,false,false,
1355,,UDEM-2,"12",8,Acer negundo,,,,,false,false,
1356,,UDEM-2,"3",5,Leave comment,Dead standing,,,,false,false,
1357,,UDEM-2,"3",5,Leave comment,Dead standing,,,,false,false,
1358,,UDEM-2,"3",5,Leave comment,Dead standing,,,,false,false,
1359,,UDEM-2,"4",3,Rhus typhina,,,,,false,false,
1360,,UDEM-2,"4",3,Rhus typhina,,,,,false,false,
1361,,UDEM-2,"4",3,Rhus typhina,,,,,false,false,
1362,,UDEM-2,"7",2.5,Leave comment,Crataegus sp.,,,,false,false,
1363,,UDEM-2,"3,3,3,3",3,Leave comment,Rhamnus cathartica,,,,false,false,
1364,,UDEM-2,"4",4,Rhus typhina,,,,,false,false,
1365,,UDEM-2,"4",3.5,Rhus typhina,,,,,false,false,
1366,,UDEM-2,"3",4,Rhus typhina,,,,,false,false,
1367,,UDEM-2,"2",2,Rhus typhina,,,,,false,false,
1368,,UDEM-2,"2",3,Rhus typhina,,,,,false,false,
1369,,UDEM-2,"2",3,Rhus typhina,,,,,false,false,
1370,,UDEM-2,"2",3,Rhus typhina,,,,,false,false,
1371,,UDEM-2,"2",3,Rhus typhina,,,,,false,false,
1372,,UDEM-2,"2",3,Rhus typhina,,,,,false,false,
1373,,UDEM-2,"2",3,Rhus typhina,,,,,false,false,
1374,,UDEM-2,"2",3,Rhus typhina,,,,,false,false,
1375,,UDEM-2,"2",3,Rhus typhina,,,,,false,false,
1376,,UDEM-2,"2",3,Rhus typhina,,,,,false,false,
1377,,UDEM-2,"2",3,Rhus typhina,,,,,false,false,
1378,,UDEM-2,"2",3,Rhus typhina,,,,,false,false,
1379,,UDEM-2,"2",3,Rhus typhina,,,,,false,false,
1380,,UDEM-2,"2",3,Rhus typhina,,,,,false,false,
1381,,UDEM-2,"2",3,Rhus typhina,,,,,false,false,
1382,,UDEM-2,"2",3,Rhus typhina,,,,,false,false,
1383,,UDEM-2,"2",3,Rhus typhina,,,,,false,false,
1384,,UDEM-2,"2",3,Rhus typhina,,,,,false,false,
1385,,UDEM-2,"2",3,Rhus typhina,,,,,false,false,
1386,,UDEM-2,"2",3,Rhus typhina,,,,,false,false,
1387,,UDEM-2,"2",3,Rhus typhina,,,,,false,false,
1388,,UDEM-2,"35",20,Leave comment,Dead standing,,,,false,false,
1389,,UDEM-2,"15",8,Acer negundo,,,,,false,false,
1390,,UDEM-2,"8",5,Acer negundo,,,,,false,false,
1391,,UDEM-2,"4",4,Acer negundo,,,,,false,false,
1392,,UDEM-2,"4",4.5,Acer negundo,,,,,false,false,
1393,,UDEM-2,"4",3.5,Acer negundo,,,,,false,false,
1394,,UDEM-2,"6",5,Acer negundo,,,,,false,false,
1395,,UDEM-2,"15",10,Fraxinus pennsylvanica,,,,,false,false,
1396,,UDEM-2,"4",2.5,Acer negundo,,,,,false,false,
1397,,UDEM-2,"4",3,Acer negundo,,,,,false,false,
1398,,UDEM-2,"5",5.5,Fraxinus pennsylvanica,,,,,false,false,
1399,,UDEM-2,"3",4,Leave comment,Rhamnus cathartica,,,,false,false,
1400,,ZOTI-2,"3,2",4,Fraxinus pennsylvanica,,,,,false,false,
1401,,ZOTI-2,"7",6,Fraxinus pennsylvanica,,,,,false,false,
1402,,ZOTI-2,"4",6,Fraxinus pennsylvanica,,,,,false,false,
1403,,ZOTI-2,"3",6,Fraxinus pennsylvanica,,,,,false,false,
1404,,ZOTI-2,"10",8,Fraxinus pennsylvanica,,,,,false,false,
1405,,ZOTI-2,"3,3,3,4,5",4,Leave comment,Lonicera sp.,,,,false,false,
1406,,ZOTI-2,"3,3,3,3",2,Leave comment,Lonicera sp.,,,,false,false,
1407,,ZOTI-2,"5",5,Fraxinus pennsylvanica,,,,,false,false,
1408,,ZOTI-2,"4",7,Fraxinus pennsylvanica,,,,,false,false,
1409,,ZOTI-2,"2,1",2.5,Fraxinus pennsylvanica,,,,,false,false,
1410,,ZOTI-2,"3",6,Fraxinus pennsylvanica,,,,,false,false,
1411,,ZOTI-2,"10",12,Ulmus americana,,,,,false,false,
1412,,ZOTI-2,"12,12",9,Acer negundo,,,,,false,false,
1413,,ZOTI-2,"2",3,Fraxinus pennsylvanica,,,,,false,false,
1414,,ZOTI-2,"5",5,Ulmus americana,,,,,false,false,
1415,,ZOTI-2,"4",5,Tilia americana,,,,,false,false,
1416,,ZOTI-2,"3",2,Acer negundo,,,,,false,false,
1417,,ZOTI-2,"5",7,Ulmus americana,,,,,false,false,
1418,,ZOTI-2,"1,1",2,Leave comment,Rhamnus cathartica,,,,false,false,
1419,,ZOTI-2,"3",2,Leave comment,Crataegus submollis,,,,false,false,
1420,,ZOTI-2,"4",5,Acer negundo,,,,,false,false,
1421,,ZOTI-2,"5",5,Fraxinus pennsylvanica,,,,,false,false,
1422,,ZOTI-2,"10,3",11,Ulmus americana,,,,,false,false,
1423,,ZOTI-2,"1",2,Fraxinus pennsylvanica,,,,,false,false,
1424,,ZOTI-2,"4,4",6,Leave comment,Rhamnus cathartica,,,,false,false,
1425,,ZOTI-2,"2,2",2.5,Leave comment,Dead standing,,,,false,false,
1426,,ZOTI-2,"2",2.5,Leave comment,Dead standing,,,,false,false,
1427,,ZOTI-2,"3",5,Leave comment,Rhamnus cathartica,,,,false,false,
1428,,ZOTI-2,"5",4,Leave comment,Dead standing,,,,false,false,
1429,,ZOTI-2,"2",2,Leave comment,Rhamnus cathartica,,,,false,false,
1430,,ZOTI-2,"3",6,Fraxinus pennsylvanica,,,,,false,false,
1431,,ZOTI-2,"2",2,Fraxinus pennsylvanica,,,,,false,false,
1432,,ZOTI-2,"7",7,Ulmus americana,,,,,false,false,
1433,,ZOTI-2,"15,13",9,Acer negundo,,,,,false,false,
1434,,ZOTI-2,"3",6,Fraxinus pennsylvanica,,,,,false,false,
1435,,ZOTI-2,"4",2.5,Acer negundo,,,,,false,false,
1436,,ZOTI-2,"7",12,Fraxinus pennsylvanica,,,,,false,false,
1437,,ZOTI-2,"8",12,Fraxinus pennsylvanica,,,,,false,false,
1438,,ZOTI-2,"2.5",2,Fraxinus pennsylvanica,,,,,false,false,
1439,,ZOTI-2,"3,2",4,Fraxinus pennsylvanica,,,,,false,false,
1440,,ZOTI-2,"4",6,Ulmus americana,,,,,false,false,
1441,,ZOTI-2,"2",3,Fraxinus pennsylvanica,,,,,false,false,
1442,,ZOTI-2,"7",5,Fraxinus pennsylvanica,,,,,false,false,
1443,,ZOTI-2,"1,1",3.5,Leave comment,Rhamnus cathartica,,,,false,false,
1444,,ZOTI-2,"12",6,Fraxinus pennsylvanica,,,,,false,false,
1445,,ZOTI-2,"20",8,Fraxinus pennsylvanica,,,,,false,false,
1446,,ZOTI-2,"18",7,Leave comment,Dead standing,,,,false,false,
1447,,ZOTI-2,"2",3,Acer platanoides,,,,,false,false,
1448,,ZOTI-2,"2,2",3,Fraxinus pennsylvanica,,,,,false,false,
1449,,ZOTI-2,"1,1",3,Leave comment,Rhamnus cathartica,,,,false,false,
1450,,ZOTI-2,"2",3,Leave comment,Dead standing,,,,false,false,
1451,,ZOTI-2,"3",3,Ulmus americana,,,,,false,false,
1452,,ZOTI-2,"5",8,Leave comment,Rhamnus cathartica,,,,false,false,
1453,,ZOTI-2,"3",3,Ulmus americana,,,,,false,false,
1454,,ZOTI-2,"1",2,Ulmus americana,,,,,false,false,
1455,,ZOTI-2,"4",6,Ulmus americana,,,,,false,false,
1456,,ZOTI-2,"1",2,Ulmus americana,,,,,false,false,
1457,,ZOTI-2,"2",4,Leave comment,Dead standing,,,,false,false,
1458,,ZOTI-2,"3",4,Ulmus americana,,,,,false,false,
1459,,ZOTI-2,"3",5,Ulmus americana,,,,,false,false,
1460,,ZOTI-2,"1",3,Leave comment,Crataegus sp.,,,,false,false,
1461,,ZOTI-2,"2",2.2,Fraxinus pennsylvanica,,,,,false,false,
1462,,ZOTI-2,"5",9,Fraxinus pennsylvanica,,,,,false,false,
1463,,ZOTI-2,"5",9,Fraxinus pennsylvanica,,,,,false,false,
1464,,ZOTI-2,"3",4,Ulmus americana,,,,,false,false,
1465,,ZOTI-2,"5",6,Ulmus americana,,,,,false,false,
1466,,ZOTI-2,"23,10",13,Leave comment,Salix euxina,,,,false,false,
1467,,ZOTI-2,"4",7,Ulmus americana,,,,,false,false,
1468,,ZOTI-2,"4",7,Fraxinus pennsylvanica,,,,,false,false,
1469,,ZOTI-2,"8",9,Leave comment,Rhamnus cathartica,,,,false,false,
1470,,ZOTI-2,"15",15,Populus sp.,,,,,false,false,
1471,,ZOTI-2,"20,20,20,20,20,20,20,20",15,Leave comment,Salix euxina,,,,false,false,
1472,,ZOTI-2,"15",12,Ulmus americana,,,,,false,false,
1473,,ZOTI-2,"12",12,Ulmus americana,,,,,false,false,
1474,,ZOTI-2,"2",4,Ulmus americana,,,,,false,false,
1475,,ZOTI-2,"2",2,Ulmus americana,,,,,false,false,
1476,,ZOTI-2,"10",12,Ulmus americana,,,,,false,false,
1477,,ZOTI-2,"4",7,Ulmus americana,,,,,false,false,
1478,,ZOTI-2,"5",7,Ulmus americana,,,,,false,false,
1479,,ZOTI-2,"5",7,Ulmus americana,,,,,false,false,
1480,,ZOTI-2,"2",3,Fraxinus pennsylvanica,,,,,false,false,
1481,,ZOTI-2,"4",2,Acer negundo,,,,,false,false,
1482,,ZOTI-2,"7",7,Ulmus americana,,,,,false,false,
1483,,ZOTI-2,"9",7,Leave comment,Dead standing,,,,false,false,
1484,,ZOTI-2,"3",4,Prunus sp.,,,,,false,false,
1485,,ZOTI-2,"15,15",15,Leave comment,Salix euxina,,,,false,false,
1486,,ZOTI-2,"7,7",7,Ulmus americana,,,,,false,false,
1487,,ZOTI-2,"10,10",10,Ulmus americana,,,,,false,false,
1488,,ZOTI-2,"2,3",3.5,Leave comment,Dead standing,,,,false,false,
1489,,ZOTI-2,"3,7,5",7,Leave comment,Rhamnus cathartica,,,,false,false,
1490,,ZOTI-2,"2",2,Fraxinus pennsylvanica,,,,,false,false,
1491,,ZOTI-2,"9",2,Fraxinus pennsylvanica,,,,,false,false,
1492,,ZOTI-2,"2",2,Fraxinus pennsylvanica,,,,,false,false,
1493,,ZOTI-2,"1,2",2.5,Tilia americana,,,,,false,false,
1494,,ZOTI-2,"5",4,Quercus alba,,,,,false,false,
1495,,ZOTI-2,"10",8,Ulmus americana,,,,,false,false,
1496,,ZOTI-2,"4,4",7,Leave comment,Rhamnus cathartica,,,,false,false,
1497,,ZOTI-2,"45",15,Populus deltoides,,,,,false,false,
1498,,ZOTI-2,"2,3,4,3",4.5,Leave comment,Rhamnus cathartica,,,,false,false,
1499,,ZOTI-2,"6,3",5,Leave comment,Rhamnus cathartica,,,,false,false,
1500,,ZOTI-2,"7,7,10,15",12,Acer negundo,,,,,false,false,
1501,,ZOTI-2,"7",7,Ulmus americana,,,,,false,false,
1502,,ZOTI-2,"5",6,Ulmus americana,,,,,false,false,
1503,,ZOTI-2,"15",8,Ulmus americana,,,,,false,false,
1504,,ZOTI-2,"15",6,Ulmus americana,,,,,false,false,
1505,,ZOTI-2,"20",8,Ulmus americana,,,,,false,false,
1506,,ZOTI-2,"4,4,4,3",5,Leave comment,Rhamnus cathartica,,,,false,false,
1507,,ZOTI-2,"5,3",6,Acer negundo,,,,,false,false,
1508,,ZOTI-2,"2",4,Leave comment,Dead standing,,,,false,false,
1509,,ZOTI-2,"3",4,Leave comment,Dead standing,,,,false,false,
1510,,ZOTI-2,"5",5,Acer negundo,,,,,false,false,
1511,,ZOTI-2,"50",18,Populus deltoides,,,,,false,false,
1512,,ZOTI-2,"40",17,Populus deltoides,,,,,false,false,
1513,,ZOTI-2,"2",2,Leave comment,Dead standing,,,,false,false,
1514,,ZOTI-2,"3",4,Fraxinus pennsylvanica,,,,,false,false,
1515,,ZOTI-2,"1,2",3,Leave comment,Lonicera sp.,,,,false,false,
1516,,ZOTI-2,"25",12,Populus deltoides,,,,,false,false,
1517,,ZOTI-2,"20",12,Populus deltoides,,,,,false,false,
1518,,ZOTI-2,"27",12,Populus deltoides,,,,,false,false,
1519,,ZOTI-2,"3,3,3,2",5,Leave comment,Rhamnus cathartica,,,,false,false,
1520,,ZOTI-2,"30",15,Leave comment,Rhamnus cathartica,,,,false,false,
1521,,ZOTI-2,"30",15,Populus deltoides,,,,,false,false,
1522,,ZOTI-2,"5",5,Populus deltoides,,,,,false,false,
1523,,ZOTI-2,"43",16,Populus deltoides,,,,,false,false,
1524,,ZOTI-2,"2",3,Leave comment,Rhamnus cathartica,,,,false,false,
1525,,ZOTI-2,"19",12,Populus deltoides,,,,,false,false,
1526,,ZOTI-2,"10",12,Ulmus americana,,,,,false,false,
1527,,ZOTI-2,"40",14,Populus deltoides,,,,,false,false,
1528,,ZOTI-2,"2",3,Leave comment,Rhamnus cathartica,,,,false,false,
1529,,ZOTI-2,"8",6,Leave comment,Rhamnus cathartica,,,,false,false,
1530,,ZOTI-2,"4",5,Leave comment,Rhamnus cathartica,,,,false,false,
1531,,ZOTI-2,"4,4",7,Leave comment,Rhamnus cathartica,,,,false,false,
1532,,ZOTI-2,"11",8,Ulmus americana,,,,,false,false,
1533,,ZOTI-2,"2,3",5,Leave comment,Rhamnus cathartica,,,,false,false,
1534,,ZOTI-2,"1",2.5,Leave comment,Rhamnus cathartica,,,,false,false,
1535,,ZOTI-2,"2.5",4,Leave comment,Rhamnus cathartica,,,,false,false,
1536,,ZOTI-2,"2",4.5,Leave comment,Rhamnus cathartica,,,,false,false,
1537,,ZOTI-2,"2",5,Leave comment,Rhamnus cathartica,,,,false,false,
1538,,ZOTI-2,"2",5,Leave comment,Rhamnus cathartica,,,,false,false,
1539,,ZOTI-2,"2",4,Leave comment,Rhamnus cathartica,,,,false,false,
1540,,ZOTI-2,"2",4,Leave comment,Rhamnus cathartica,,,,false,false,
1541,,ZOTI-2,"4",4.5,Leave comment,Rhamnus cathartica,,,,false,false,
1542,,ZOTI-2,"2,3",3,Leave comment,,,,,false,false,
1543,,ZOTI-2,"3,2",4,Leave comment,Rhamnus cathartica,,,,false,false,
1544,,ZOTI-2,"3.5",4.5,Leave comment,Rhamnus cathartica,,,,false,false,
1545,,ZOTI-2,"3,2",4,Leave comment,,,,,false,false,
1546,,ZOTI-2,"2",3,Leave comment,Rhamnus cathartica,,,,false,false,
1547,,ZOTI-2,"3,3",5,Leave comment,Rhamnus cathartica,,,,false,false,
1548,,ZOTI-2,"2",2.5,Leave comment,Rhamnus cathartica,,,,false,false,
1549,,ZOTI-2,"5",6,Leave comment,Rhamnus cathartica,,,,false,false,
1550,,ZOTI-2,"5",6,Leave comment,Rhamnus cathartica,,,,false,false,
1551,,ZOTI-2,"5",6,Leave comment,Rhamnus cathartica,,,,false,false,
1552,,ZOTI-2,"5",6,Leave comment,Rhamnus cathartica,,,,false,false,
1553,,ZOTI-2,"5",6,Leave comment,Rhamnus cathartica,,,,false,false,
1554,,ZOTI-2,"5",6,Leave comment,Rhamnus cathartica,,,,false,false,
1555,,ZOTI-2,"5",6,Leave comment,Rhamnus cathartica,,,,false,false,
1556,,ZOTI-2,"2",4.5,Leave comment,Rhamnus cathartica,,,,false,false,
1557,,ZOTI-2,"2",4.5,Leave comment,Rhamnus cathartica,,,,false,false,
1558,,ZOTI-2,"2",4.5,Leave comment,Rhamnus cathartica,,,,false,false,
1559,,ZOTI-2,"2",4.5,Leave comment,Rhamnus cathartica,,,,false,false,
1560,,ZOTI-2,"2",4.5,Leave comment,Rhamnus cathartica,,,,false,false,
1561,,ZOTI-2,"2",4.5,Leave comment,Rhamnus cathartica,,,,false,false,
1562,,ZOTI-2,"2",4.5,Leave comment,Rhamnus cathartica,,,,false,false,
1563,,ZOTI-2,"2",4.5,Leave comment,Rhamnus cathartica,,,,false,false,
1564,,ZOTI-2,"2",4.5,Leave comment,Rhamnus cathartica,,,,false,false,
1565,,ZOTI-2,"2",4.5,Leave comment,Rhamnus cathartica,,,,false,false,
1566,,ZOTI-2,"2",4.5,Leave comment,Rhamnus cathartica,,,,false,false,
1567,,ZOTI-2,"2",4.5,Leave comment,Rhamnus cathartica,,,,false,false,
1568,,ZOTI-2,"2",4.5,Leave comment,Rhamnus cathartica,,,,false,false,
1569,,ZOTI-2,"2",4.5,Leave comment,Rhamnus cathartica,,,,false,false,
1570,,ZOTI-2,"2",4.5,Leave comment,Rhamnus cathartica,,,,false,false,
1571,,ZOTI-2,"2",4.5,Leave comment,Rhamnus cathartica,,,,false,false,
1572,,ZOTI-2,"2",4.5,Leave comment,Rhamnus cathartica,,,,false,false,
1573,,ZOTI-2,"2",4.5,Leave comment,Rhamnus cathartica,,,,false,false,
1574,,ZOTI-2,"2",4.5,Leave comment,Rhamnus cathartica,,,,false,false,
1575,,ZOTI-2,"2",4.5,Leave comment,Rhamnus cathartica,,,,false,false,
1576,,ZOTI-2,"12",7,Leave comment,Rhamnus cathartica,,,,false,false,
1577,,ZOTI-2,"40",15,Populus deltoides,,,,,false,false,
1578,,ZOTI-2,"30,20",15,Populus deltoides,,,,,false,false,
1579,,ZOTI-2,"15",12,Populus deltoides,,,,,false,false,
1580,,ZOTI-2,"25",15,Populus deltoides,,,,,false,false,
1581,,ZOTI-2,"12",9,Ulmus americana,,,,,false,false,
1582,,ZOTI-2,"30",12,Populus deltoides,,,,,false,false,
1583,,ZOTI-2,"7",10,Leave comment,Dead standing,,,,false,false,
1584,,ZOTI-2,"5",6,Leave comment,Rhamnus cathartica,,,,false,false,
1585,,ZOTI-2,"5",6,Ulmus americana,,,,,false,false,
1586,,ZOTI-2,"7",6,Leave comment,Rhamnus cathartica,,,,false,false,
1587,,ZOTI-2,"6,5",6,Leave comment,Rhamnus cathartica,,,,false,false,
1588,,ZOTI-2,"4",7,Fraxinus pennsylvanica,,,,,false,false,
1589,,ZOTI-2,"3",4,Ulmus americana,,,,,false,false,
1590,,ZOTI-2,"10",8,Ulmus americana,,,,,false,false,
1591,,ZOTI-2,"5,5,3",5,Leave comment,Rhamnus cathartica,,,,false,false,
1592,,ZOTI-2,"5",4,Leave comment,Rhamnus cathartica,,,,false,false,
1593,,ZOTI-2,"3",4,Leave comment,Rhamnus cathartica,,,,false,false,
1594,,ZOTI-2,"8,13",8,Ulmus americana,,,,,false,false,
1595,,ZOTI-2,"4",3,Juglans nigra,,,,,false,false,
1596,,ZOTI-2,"7",5,Acer rubrum,,,,,false,false,
1597,,ZOTI-2,"4",3,Celtis occidentalis,,,,,false,false,
1598,,ZOTI-2,"3",2,Malus baccata,,,,,false,false,
1599,,ZOTI-2,"3.5",4,Juglans nigra,,,,,false,false,
1600,,ZOTI-2,"6",5,Acer rubrum,,,,,false,false,
1601,,ZOTI-2,"4",4,Gymnocladus dioicus,,,,,false,false,
